round,family,name,hold,sl,tp,tr_trades,tr_pf,tr_mean_bp,tr_t,va_trades,va_pf,va_mean_bp,va_t,status
751,F1_TrendPullback,ST30_RSI35_Hold12_SL6,12,0.06,0.12,2460,0.79,-35.3,-0.89,619,0.79,-33.4,-0.65,FAIL
752,F1_TrendPullback,ST30_RSI35_Hold12_SL7,12,0.07,0.14,2442,0.8,-35.3,-0.88,614,0.8,-32.1,-0.59,FAIL
753,F1_TrendPullback,ST30_RSI35_Hold12_SL8,12,0.08,0.16,2420,0.81,-32.3,-0.83,613,0.79,-34.8,-0.61,FAIL
754,F1_TrendPullback,ST30_RSI35_Hold18_SL6,18,0.06,0.12,2414,0.77,-48.3,-0.96,594,0.7,-60.1,-0.98,FAIL
755,F1_TrendPullback,ST30_RSI35_Hold18_SL7,18,0.07,0.14,2389,0.76,-51.9,-0.99,588,0.72,-56.0,-0.85,FAIL
756,F1_TrendPullback,ST30_RSI35_Hold18_SL8,18,0.08,0.16,2366,0.75,-55.5,-1.02,587,0.7,-61.1,-0.88,FAIL
757,F1_TrendPullback,ST30_RSI35_Hold24_SL6,24,0.06,0.12,2382,0.89,-26.4,-0.42,591,0.68,-72.0,-1.01,FAIL
758,F1_TrendPullback,ST30_RSI35_Hold24_SL7,24,0.07,0.14,2353,0.88,-28.8,-0.42,585,0.7,-68.8,-0.9,FAIL
759,F1_TrendPullback,ST30_RSI35_Hold24_SL8,24,0.08,0.16,2328,0.89,-28.2,-0.39,584,0.68,-75.7,-0.94,FAIL
760,F1_TrendPullback,ST30_RSI40_Hold12_SL6,12,0.06,0.12,6041,0.75,-43.9,-1.48,1732,0.77,-32.9,-0.96,FAIL
761,F1_TrendPullback,ST30_RSI40_Hold12_SL7,12,0.07,0.14,5945,0.75,-43.4,-1.47,1716,0.77,-33.6,-0.93,FAIL
762,F1_TrendPullback,ST30_RSI40_Hold12_SL8,12,0.08,0.16,5877,0.75,-43.1,-1.48,1709,0.75,-35.9,-0.98,FAIL
763,F1_TrendPullback,ST30_RSI40_Hold18_SL6,18,0.06,0.12,5708,0.81,-39.7,-1.09,1605,0.7,-53.2,-1.2,FAIL
764,F1_TrendPullback,ST30_RSI40_Hold18_SL7,18,0.07,0.14,5576,0.81,-40.6,-1.09,1584,0.71,-52.9,-1.14,FAIL
765,F1_TrendPullback,ST30_RSI40_Hold18_SL8,18,0.08,0.16,5496,0.81,-39.6,-1.04,1574,0.69,-56.3,-1.17,FAIL
766,F1_TrendPullback,ST30_RSI40_Hold24_SL6,24,0.06,0.12,5505,0.92,-18.7,-0.45,1551,0.69,-61.9,-1.24,FAIL
767,F1_TrendPullback,ST30_RSI40_Hold24_SL7,24,0.07,0.14,5359,0.93,-17.2,-0.39,1526,0.69,-63.2,-1.19,FAIL
768,F1_TrendPullback,ST30_RSI40_Hold24_SL8,24,0.08,0.16,5268,0.94,-12.8,-0.28,1516,0.67,-68.8,-1.23,FAIL
769,F1_TrendPullback,ST30_RSI45_Hold12_SL6,12,0.06,0.12,12087,0.73,-48.6,-2.05,3940,0.88,-16.1,-0.61,FAIL
770,F1_TrendPullback,ST30_RSI45_Hold12_SL7,12,0.07,0.14,11867,0.72,-49.4,-2.05,3910,0.88,-15.1,-0.55,FAIL
771,F1_TrendPullback,ST30_RSI45_Hold12_SL8,12,0.08,0.16,11724,0.72,-49.2,-2.01,3899,0.86,-17.8,-0.63,FAIL
772,F1_TrendPullback,ST30_RSI45_Hold18_SL6,18,0.06,0.12,10817,0.78,-45.9,-1.58,3474,0.88,-18.2,-0.53,FAIL
773,F1_TrendPullback,ST30_RSI45_Hold18_SL7,18,0.07,0.14,10537,0.77,-48.5,-1.63,3425,0.9,-15.6,-0.44,FAIL
774,F1_TrendPullback,ST30_RSI45_Hold18_SL8,18,0.08,0.16,10349,0.77,-48.7,-1.58,3406,0.88,-18.8,-0.52,FAIL
775,F1_TrendPullback,ST30_RSI45_Hold24_SL6,24,0.06,0.12,10017,0.87,-30.3,-0.94,3240,0.89,-20.8,-0.5,FAIL
776,F1_TrendPullback,ST30_RSI45_Hold24_SL7,24,0.07,0.14,9680,0.86,-31.8,-0.94,3187,0.89,-20.0,-0.46,FAIL
777,F1_TrendPullback,ST30_RSI45_Hold24_SL8,24,0.08,0.16,9457,0.87,-30.7,-0.87,3168,0.87,-24.6,-0.54,FAIL
778,F1_TrendPullback,ST30_RSI50_Hold12_SL6,12,0.06,0.12,19302,0.76,-42.9,-1.94,6989,0.92,-9.6,-0.4,FAIL
779,F1_TrendPullback,ST30_RSI50_Hold12_SL7,12,0.07,0.14,18938,0.76,-42.9,-1.88,6932,0.92,-9.7,-0.4,FAIL
780,F1_TrendPullback,ST30_RSI50_Hold12_SL8,12,0.08,0.16,18689,0.75,-44.6,-1.93,6898,0.91,-11.6,-0.47,FAIL
781,F1_TrendPullback,ST30_RSI50_Hold18_SL6,18,0.06,0.12,16467,0.78,-47.1,-1.74,5739,1.02,3.2,0.1,FAIL
782,F1_TrendPullback,ST30_RSI50_Hold18_SL7,18,0.07,0.14,16025,0.77,-48.9,-1.75,5660,1.03,4.2,0.13,FAIL
783,F1_TrendPullback,ST30_RSI50_Hold18_SL8,18,0.08,0.16,15704,0.77,-50.4,-1.78,5621,1.02,2.9,0.09,FAIL
784,F1_TrendPullback,ST30_RSI50_Hold24_SL6,24,0.06,0.12,14555,0.85,-36.2,-1.22,5154,1.05,7.7,0.2,FAIL
785,F1_TrendPullback,ST30_RSI50_Hold24_SL7,24,0.07,0.14,13966,0.85,-36.2,-1.16,5045,1.06,10.9,0.26,FAIL
786,F1_TrendPullback,ST30_RSI50_Hold24_SL8,24,0.08,0.16,13610,0.84,-39.0,-1.21,4993,1.05,9.3,0.21,FAIL
787,F1_TrendPullback,ST25_RSI35_Hold12_SL6,12,0.06,0.12,1791,0.79,-35.9,-0.92,426,0.67,-57.5,-0.92,FAIL
788,F1_TrendPullback,ST25_RSI35_Hold12_SL7,12,0.07,0.14,1783,0.8,-33.9,-0.87,423,0.66,-60.6,-0.9,FAIL
789,F1_TrendPullback,ST25_RSI35_Hold12_SL8,12,0.08,0.16,1775,0.81,-32.6,-0.84,422,0.64,-66.8,-0.96,FAIL
790,F1_TrendPullback,ST25_RSI35_Hold18_SL6,18,0.06,0.12,1770,0.77,-46.8,-0.99,419,0.65,-72.8,-1.02,FAIL
791,F1_TrendPullback,ST25_RSI35_Hold18_SL7,18,0.07,0.14,1761,0.77,-49.5,-1.0,416,0.66,-70.8,-0.91,FAIL
792,F1_TrendPullback,ST25_RSI35_Hold18_SL8,18,0.08,0.16,1753,0.75,-53.6,-1.03,415,0.63,-82.5,-0.99,FAIL
793,F1_TrendPullback,ST25_RSI35_Hold24_SL6,24,0.06,0.12,1764,0.89,-26.1,-0.41,417,0.66,-79.1,-1.03,FAIL
794,F1_TrendPullback,ST25_RSI35_Hold24_SL7,24,0.07,0.14,1754,0.89,-26.6,-0.39,414,0.67,-80.1,-0.97,FAIL
795,F1_TrendPullback,ST25_RSI35_Hold24_SL8,24,0.08,0.16,1746,0.89,-28.6,-0.39,413,0.62,-96.7,-1.09,FAIL
796,F1_TrendPullback,ST25_RSI40_Hold12_SL6,12,0.06,0.12,4861,0.7,-52.7,-1.84,1382,0.72,-41.0,-1.09,FAIL
797,F1_TrendPullback,ST25_RSI40_Hold12_SL7,12,0.07,0.14,4795,0.71,-51.4,-1.81,1372,0.72,-42.3,-1.08,FAIL
798,F1_TrendPullback,ST25_RSI40_Hold12_SL8,12,0.08,0.16,4760,0.71,-50.8,-1.79,1367,0.71,-45.1,-1.12,FAIL
799,F1_TrendPullback,ST25_RSI40_Hold18_SL6,18,0.06,0.12,4659,0.8,-42.1,-1.23,1307,0.68,-59.7,-1.34,FAIL
800,F1_TrendPullback,ST25_RSI40_Hold18_SL7,18,0.07,0.14,4581,0.8,-41.9,-1.18,1294,0.68,-59.2,-1.25,FAIL
801,F2_SweepMSS,Sw24_H8_SL5,8,0.05,0.1,1145,0.73,-45.7,-1.61,559,0.55,-67.5,-1.68,FAIL
802,F2_SweepMSS,Sw24_H8_SL7,8,0.07,0.14,1141,0.76,-41.8,-1.52,555,0.55,-63.9,-1.65,FAIL
803,F2_SweepMSS,Sw24_H8_SL9,8,0.09,0.18,1138,0.77,-39.8,-1.49,555,0.55,-64.1,-1.63,FAIL
804,F2_SweepMSS,Sw24_H14_SL5,14,0.05,0.1,1142,0.89,-20.5,-0.6,557,0.75,-41.6,-0.82,FAIL
805,F2_SweepMSS,Sw24_H14_SL7,14,0.07,0.14,1137,0.86,-28.9,-0.72,551,0.77,-38.8,-0.72,FAIL
806,F2_SweepMSS,Sw24_H14_SL9,14,0.09,0.18,1134,0.85,-31.4,-0.74,549,0.81,-30.8,-0.56,FAIL
807,F2_SweepMSS,Sw24_H20_SL5,20,0.05,0.1,1139,0.84,-35.1,-0.91,556,1.07,11.9,0.17,FAIL
808,F2_SweepMSS,Sw24_H20_SL7,20,0.07,0.14,1134,0.79,-50.5,-1.1,548,1.13,21.7,0.29,FAIL
809,F2_SweepMSS,Sw24_H20_SL9,20,0.09,0.18,1129,0.77,-58.6,-1.14,546,1.22,35.8,0.47,FAIL
810,F2_SweepMSS,Sw24_Taker_H8_SL5,8,0.05,0.1,278,0.55,-73.1,-2.44,123,0.46,-84.5,-1.34,FAIL
811,F2_SweepMSS,Sw24_Taker_H8_SL7,8,0.07,0.14,278,0.6,-65.5,-1.99,123,0.56,-60.3,-1.17,FAIL
812,F2_SweepMSS,Sw24_Taker_H8_SL9,8,0.09,0.18,277,0.62,-63.1,-1.89,123,0.6,-53.2,-1.01,FAIL
813,F2_SweepMSS,Sw24_Taker_H14_SL5,14,0.05,0.1,278,0.7,-55.3,-1.56,123,0.51,-94.8,-1.06,FAIL
814,F2_SweepMSS,Sw24_Taker_H14_SL7,14,0.07,0.14,278,0.74,-49.2,-1.27,123,0.54,-90.1,-1.02,FAIL
815,F2_SweepMSS,Sw24_Taker_H14_SL9,14,0.09,0.18,277,0.77,-43.5,-1.1,123,0.62,-70.1,-0.78,FAIL
816,F2_SweepMSS,Sw24_Taker_H20_SL5,20,0.05,0.1,277,0.64,-82.1,-1.85,123,0.86,-26.0,-0.35,FAIL
817,F2_SweepMSS,Sw24_Taker_H20_SL7,20,0.07,0.14,277,0.64,-84.9,-1.71,123,1.1,16.4,0.22,FAIL
818,F2_SweepMSS,Sw24_Taker_H20_SL9,20,0.09,0.18,276,0.66,-81.5,-1.59,123,1.34,47.3,0.6,FAIL
819,F2_SweepMSS,Sw48_H8_SL5,8,0.05,0.1,710,0.67,-55.5,-2.1,333,0.46,-91.9,-1.91,FAIL
820,F2_SweepMSS,Sw48_H8_SL7,8,0.07,0.14,709,0.7,-51.3,-1.87,331,0.45,-90.8,-1.78,FAIL
821,F2_SweepMSS,Sw48_H8_SL9,8,0.09,0.18,707,0.71,-49.2,-1.79,331,0.44,-95.0,-1.78,FAIL
822,F2_SweepMSS,Sw48_H14_SL5,14,0.05,0.1,710,0.88,-21.7,-0.7,332,0.5,-102.3,-1.68,FAIL
823,F2_SweepMSS,Sw48_H14_SL7,14,0.07,0.14,709,0.89,-22.2,-0.66,329,0.45,-113.3,-1.71,FAIL
824,F2_SweepMSS,Sw48_H14_SL9,14,0.09,0.18,707,0.87,-26.9,-0.75,329,0.48,-109.7,-1.58,FAIL
825,F2_SweepMSS,Sw48_H20_SL5,20,0.05,0.1,707,0.82,-37.6,-1.11,332,0.7,-61.5,-1.12,FAIL
826,F2_SweepMSS,Sw48_H20_SL7,20,0.07,0.14,706,0.81,-43.5,-1.14,328,0.71,-58.6,-0.89,FAIL
827,F2_SweepMSS,Sw48_H20_SL9,20,0.09,0.18,703,0.8,-46.3,-1.13,328,0.76,-48.4,-0.7,FAIL
828,F2_SweepMSS,Sw48_Taker_H8_SL5,8,0.05,0.1,178,0.45,-90.0,-2.93,78,0.25,-143.9,-1.65,FAIL
829,F2_SweepMSS,Sw48_Taker_H8_SL7,8,0.07,0.14,178,0.5,-80.2,-2.41,78,0.3,-110.9,-1.83,FAIL
830,F2_SweepMSS,Sw48_Taker_H8_SL9,8,0.09,0.18,177,0.51,-79.2,-2.29,78,0.29,-114.8,-1.87,FAIL
831,F2_SweepMSS,Sw48_Taker_H14_SL5,14,0.05,0.1,178,0.64,-68.8,-1.93,78,0.21,-192.0,-1.54,FAIL
832,F2_SweepMSS,Sw48_Taker_H14_SL7,14,0.07,0.14,178,0.69,-58.9,-1.47,78,0.22,-183.8,-1.54,FAIL
833,F2_SweepMSS,Sw48_Taker_H14_SL9,14,0.09,0.18,177,0.7,-57.0,-1.35,78,0.21,-190.2,-1.6,FAIL
834,F2_SweepMSS,Sw48_Taker_H20_SL5,20,0.05,0.1,177,0.58,-98.6,-2.2,78,0.5,-109.8,-1.54,FAIL
835,F2_SweepMSS,Sw48_Taker_H20_SL7,20,0.07,0.14,177,0.61,-91.3,-1.84,78,0.73,-45.1,-0.89,FAIL
836,F2_SweepMSS,Sw48_Taker_H20_SL9,20,0.09,0.18,176,0.62,-92.5,-1.69,78,0.76,-38.2,-0.7,FAIL
837,F2_SweepMSS,Sw24_MSS_BTC_H18_var837,18,0.07,0.14,188,1.16,33.1,0.33,94,0.74,-55.2,-0.48,FAIL
838,F2_SweepMSS,Sw24_MSS_BTC_H18_var838,18,0.07,0.14,188,1.16,33.1,0.33,94,0.74,-55.2,-0.48,FAIL
839,F2_SweepMSS,Sw24_MSS_BTC_H18_var839,18,0.07,0.14,188,1.16,33.1,0.33,94,0.74,-55.2,-0.48,FAIL
840,F2_SweepMSS,Sw24_MSS_BTC_H18_var840,18,0.07,0.14,188,1.16,33.1,0.33,94,0.74,-55.2,-0.48,FAIL
841,F2_SweepMSS,Sw24_MSS_BTC_H18_var841,18,0.07,0.14,188,1.16,33.1,0.33,94,0.74,-55.2,-0.48,FAIL
842,F2_SweepMSS,Sw24_MSS_BTC_H18_var842,18,0.07,0.14,188,1.16,33.1,0.33,94,0.74,-55.2,-0.48,FAIL
843,F2_SweepMSS,Sw24_MSS_BTC_H18_var843,18,0.07,0.14,188,1.16,33.1,0.33,94,0.74,-55.2,-0.48,FAIL
844,F2_SweepMSS,Sw24_MSS_BTC_H18_var844,18,0.07,0.14,188,1.16,33.1,0.33,94,0.74,-55.2,-0.48,FAIL
845,F2_SweepMSS,Sw24_MSS_BTC_H18_var845,18,0.07,0.14,188,1.16,33.1,0.33,94,0.74,-55.2,-0.48,FAIL
846,F2_SweepMSS,Sw24_MSS_BTC_H18_var846,18,0.07,0.14,188,1.16,33.1,0.33,94,0.74,-55.2,-0.48,FAIL
847,F2_SweepMSS,Sw24_MSS_BTC_H18_var847,18,0.07,0.14,188,1.16,33.1,0.33,94,0.74,-55.2,-0.48,FAIL
848,F2_SweepMSS,Sw24_MSS_BTC_H18_var848,18,0.07,0.14,188,1.16,33.1,0.33,94,0.74,-55.2,-0.48,FAIL
849,F2_SweepMSS,Sw24_MSS_BTC_H18_var849,18,0.07,0.14,188,1.16,33.1,0.33,94,0.74,-55.2,-0.48,FAIL
850,F2_SweepMSS,Sw24_MSS_BTC_H18_var850,18,0.07,0.14,188,1.16,33.1,0.33,94,0.74,-55.2,-0.48,FAIL
851,F3_ChannelExhaust,Kelt20_RSI75_H10_SL6,10,0.06,0.12,3819,0.8,-46.8,-0.97,1748,0.84,-30.8,-0.37,FAIL
852,F3_ChannelExhaust,Kelt20_RSI75_H10_SL8,10,0.08,0.16,3665,0.8,-49.2,-0.92,1686,0.8,-42.0,-0.46,FAIL
853,F3_ChannelExhaust,Kelt20_RSI75_H16_SL6,16,0.06,0.12,3771,0.87,-35.9,-0.63,1704,0.98,-4.3,-0.05,FAIL
854,F3_ChannelExhaust,Kelt20_RSI75_H16_SL8,16,0.08,0.16,3595,0.93,-18.8,-0.27,1626,0.95,-11.1,-0.12,FAIL
855,F3_ChannelExhaust,Kelt20_RSI75_H24_SL6,24,0.06,0.12,3769,0.84,-49.3,-0.82,1700,1.0,-0.6,-0.01,FAIL
856,F3_ChannelExhaust,Kelt20_RSI75_H24_SL8,24,0.08,0.16,3585,0.89,-37.0,-0.49,1611,0.97,-7.6,-0.08,FAIL
857,F3_ChannelExhaust,Kelt20_RSI80_H10_SL6,10,0.06,0.12,1133,0.83,-44.3,-0.6,706,0.91,-17.7,-0.17,FAIL
858,F3_ChannelExhaust,Kelt20_RSI80_H10_SL8,10,0.08,0.16,1106,0.82,-49.7,-0.59,686,0.88,-25.6,-0.23,FAIL
859,F3_ChannelExhaust,Kelt20_RSI80_H16_SL6,16,0.06,0.12,1131,0.95,-15.1,-0.18,701,1.06,12.0,0.12,FAIL
860,F3_ChannelExhaust,Kelt20_RSI80_H16_SL8,16,0.08,0.16,1100,1.0,0.1,0.0,679,1.05,10.6,0.1,FAIL
861,F3_ChannelExhaust,Kelt20_RSI80_H24_SL6,24,0.06,0.12,1130,0.88,-37.8,-0.44,701,1.05,9.8,0.1,FAIL
862,F3_ChannelExhaust,Kelt20_RSI80_H24_SL8,24,0.08,0.16,1099,0.9,-33.6,-0.32,679,1.07,16.8,0.16,FAIL
863,F3_ChannelExhaust,BB25_RSI75_H10_SL6,10,0.06,0.12,3300,0.8,-49.2,-0.91,1492,0.88,-23.2,-0.24,FAIL
864,F3_ChannelExhaust,BB25_RSI75_H10_SL8,10,0.08,0.16,3181,0.8,-51.9,-0.87,1439,0.83,-34.7,-0.32,FAIL
865,F3_ChannelExhaust,BB25_RSI75_H16_SL6,16,0.06,0.12,3286,0.88,-32.8,-0.52,1475,1.03,5.4,0.05,FAIL
866,F3_ChannelExhaust,BB25_RSI75_H16_SL8,16,0.08,0.16,3155,0.94,-17.5,-0.23,1413,1.0,0.1,0.0,FAIL
867,F3_ChannelExhaust,BB25_RSI75_H24_SL6,24,0.06,0.12,3284,0.86,-41.7,-0.63,1474,1.04,7.8,0.08,FAIL
868,F3_ChannelExhaust,BB25_RSI75_H24_SL8,24,0.08,0.16,3147,0.91,-29.9,-0.37,1408,1.02,4.4,0.04,FAIL
869,F3_ChannelExhaust,BB25_RSI80_H10_SL6,10,0.06,0.12,1038,0.81,-49.6,-0.63,629,0.93,-14.5,-0.13,FAIL
870,F3_ChannelExhaust,BB25_RSI80_H10_SL8,10,0.08,0.16,1014,0.8,-57.5,-0.64,613,0.88,-27.0,-0.21,FAIL
871,F3_ChannelExhaust,BB25_RSI80_H16_SL6,16,0.06,0.12,1038,0.94,-16.3,-0.18,627,1.09,18.4,0.16,FAIL
872,F3_ChannelExhaust,BB25_RSI80_H16_SL8,16,0.08,0.16,1013,0.99,-3.6,-0.03,609,1.06,13.2,0.11,FAIL
873,F3_ChannelExhaust,BB25_RSI80_H24_SL6,24,0.06,0.12,1038,0.89,-34.0,-0.38,627,1.08,17.2,0.16,FAIL
874,F3_ChannelExhaust,BB25_RSI80_H24_SL8,24,0.08,0.16,1013,0.91,-30.9,-0.28,609,1.08,19.5,0.16,FAIL
875,F3_ChannelExhaust,Kelt_TakerFade_var875,16,0.07,0.14,236,0.62,-87.2,-1.33,209,1.2,29.1,0.53,FAIL
876,F3_ChannelExhaust,Kelt_TakerFade_var876,16,0.07,0.14,236,0.62,-87.2,-1.33,209,1.2,29.1,0.53,FAIL
877,F3_ChannelExhaust,Kelt_TakerFade_var877,16,0.07,0.14,236,0.62,-87.2,-1.33,209,1.2,29.1,0.53,FAIL
878,F3_ChannelExhaust,Kelt_TakerFade_var878,16,0.07,0.14,236,0.62,-87.2,-1.33,209,1.2,29.1,0.53,FAIL
879,F3_ChannelExhaust,Kelt_TakerFade_var879,16,0.07,0.14,236,0.62,-87.2,-1.33,209,1.2,29.1,0.53,FAIL
880,F3_ChannelExhaust,Kelt_TakerFade_var880,16,0.07,0.14,236,0.62,-87.2,-1.33,209,1.2,29.1,0.53,FAIL
881,F3_ChannelExhaust,Kelt_TakerFade_var881,16,0.07,0.14,236,0.62,-87.2,-1.33,209,1.2,29.1,0.53,FAIL
882,F3_ChannelExhaust,Kelt_TakerFade_var882,16,0.07,0.14,236,0.62,-87.2,-1.33,209,1.2,29.1,0.53,FAIL
883,F3_ChannelExhaust,Kelt_TakerFade_var883,16,0.07,0.14,236,0.62,-87.2,-1.33,209,1.2,29.1,0.53,FAIL
884,F3_ChannelExhaust,Kelt_TakerFade_var884,16,0.07,0.14,236,0.62,-87.2,-1.33,209,1.2,29.1,0.53,FAIL
885,F3_ChannelExhaust,Kelt_TakerFade_var885,16,0.07,0.14,236,0.62,-87.2,-1.33,209,1.2,29.1,0.53,FAIL
886,F3_ChannelExhaust,Kelt_TakerFade_var886,16,0.07,0.14,236,0.62,-87.2,-1.33,209,1.2,29.1,0.53,FAIL
887,F3_ChannelExhaust,Kelt_TakerFade_var887,16,0.07,0.14,236,0.62,-87.2,-1.33,209,1.2,29.1,0.53,FAIL
888,F3_ChannelExhaust,Kelt_TakerFade_var888,16,0.07,0.14,236,0.62,-87.2,-1.33,209,1.2,29.1,0.53,FAIL
889,F3_ChannelExhaust,Kelt_TakerFade_var889,16,0.07,0.14,236,0.62,-87.2,-1.33,209,1.2,29.1,0.53,FAIL
890,F3_ChannelExhaust,Kelt_TakerFade_var890,16,0.07,0.14,236,0.62,-87.2,-1.33,209,1.2,29.1,0.53,FAIL
891,F3_ChannelExhaust,Kelt_TakerFade_var891,16,0.07,0.14,236,0.62,-87.2,-1.33,209,1.2,29.1,0.53,FAIL
892,F3_ChannelExhaust,Kelt_TakerFade_var892,16,0.07,0.14,236,0.62,-87.2,-1.33,209,1.2,29.1,0.53,FAIL
893,F3_ChannelExhaust,Kelt_TakerFade_var893,16,0.07,0.14,236,0.62,-87.2,-1.33,209,1.2,29.1,0.53,FAIL
894,F3_ChannelExhaust,Kelt_TakerFade_var894,16,0.07,0.14,236,0.62,-87.2,-1.33,209,1.2,29.1,0.53,FAIL
895,F3_ChannelExhaust,Kelt_TakerFade_var895,16,0.07,0.14,236,0.62,-87.2,-1.33,209,1.2,29.1,0.53,FAIL
896,F3_ChannelExhaust,Kelt_TakerFade_var896,16,0.07,0.14,236,0.62,-87.2,-1.33,209,1.2,29.1,0.53,FAIL
897,F3_ChannelExhaust,Kelt_TakerFade_var897,16,0.07,0.14,236,0.62,-87.2,-1.33,209,1.2,29.1,0.53,FAIL
898,F3_ChannelExhaust,Kelt_TakerFade_var898,16,0.07,0.14,236,0.62,-87.2,-1.33,209,1.2,29.1,0.53,FAIL
899,F3_ChannelExhaust,Kelt_TakerFade_var899,16,0.07,0.14,236,0.62,-87.2,-1.33,209,1.2,29.1,0.53,FAIL
900,F3_ChannelExhaust,Kelt_TakerFade_var900,16,0.07,0.14,236,0.62,-87.2,-1.33,209,1.2,29.1,0.53,FAIL
901,F4_PosDelever,FR2bp_OI80_H12,12,0.07,0.14,2620,0.92,-20.3,-1.0,1019,0.7,-66.8,-2.36,FAIL
902,F4_PosDelever,FR2bp_OI80_H18,18,0.07,0.14,2349,0.95,-14.7,-0.6,920,0.69,-82.1,-2.4,FAIL
903,F4_PosDelever,FR2bp_OI80_H24,24,0.07,0.14,2211,0.96,-11.0,-0.4,875,0.66,-100.7,-2.53,FAIL
904,F4_PosDelever,FR2bp_OI85_H12,12,0.07,0.14,2309,0.92,-20.3,-0.94,890,0.72,-62.9,-2.17,FAIL
905,F4_PosDelever,FR2bp_OI85_H18,18,0.07,0.14,2074,0.93,-18.7,-0.71,808,0.72,-73.1,-2.07,FAIL
906,F4_PosDelever,FR2bp_OI85_H24,24,0.07,0.14,1956,0.94,-18.1,-0.61,760,0.69,-89.5,-2.25,FAIL
907,F4_PosDelever,FR2bp_OI90_H12,12,0.07,0.14,1977,0.96,-9.9,-0.45,797,0.71,-65.8,-2.22,FAIL
908,F4_PosDelever,FR2bp_OI90_H18,18,0.07,0.14,1785,0.99,-3.5,-0.13,727,0.7,-80.0,-2.21,FAIL
909,F4_PosDelever,FR2bp_OI90_H24,24,0.07,0.14,1692,0.97,-8.1,-0.27,690,0.7,-88.3,-2.17,FAIL
910,F4_PosDelever,FR4bp_OI80_H12,12,0.07,0.14,2089,0.87,-33.3,-1.61,820,0.72,-66.3,-2.21,FAIL
911,F4_PosDelever,FR4bp_OI80_H18,18,0.07,0.14,1882,0.89,-31.0,-1.27,730,0.69,-85.5,-2.61,FAIL
912,F4_PosDelever,FR4bp_OI80_H24,24,0.07,0.14,1768,0.9,-30.9,-1.16,692,0.65,-105.8,-2.82,FAIL
913,F4_PosDelever,FR4bp_OI85_H12,12,0.07,0.14,1858,0.88,-30.0,-1.39,715,0.7,-70.8,-2.4,FAIL
914,F4_PosDelever,FR4bp_OI85_H18,18,0.07,0.14,1682,0.89,-32.8,-1.3,645,0.69,-85.7,-2.61,FAIL
915,F4_PosDelever,FR4bp_OI85_H24,24,0.07,0.14,1585,0.89,-36.4,-1.3,609,0.66,-102.1,-2.68,FAIL
916,F4_PosDelever,FR4bp_OI90_H12,12,0.07,0.14,1606,0.92,-19.8,-0.91,634,0.7,-71.8,-2.38,FAIL
917,F4_PosDelever,FR4bp_OI90_H18,18,0.07,0.14,1459,0.95,-15.6,-0.62,576,0.66,-96.0,-2.88,FAIL
918,F4_PosDelever,FR4bp_OI90_H24,24,0.07,0.14,1384,0.94,-20.1,-0.72,550,0.68,-97.3,-2.35,FAIL
919,F4_PosDelever,FR5bp_OI80_H12,12,0.07,0.14,1740,0.87,-34.4,-1.59,656,0.69,-77.0,-2.8,FAIL
920,F4_PosDelever,FR5bp_OI80_H18,18,0.07,0.14,1577,0.9,-30.8,-1.17,583,0.65,-103.2,-3.27,FAIL
921,F4_PosDelever,FR5bp_OI80_H24,24,0.07,0.14,1478,0.9,-30.9,-1.08,558,0.59,-132.5,-3.62,FAIL
922,F4_PosDelever,FR5bp_OI85_H12,12,0.07,0.14,1545,0.89,-28.4,-1.24,573,0.68,-81.6,-2.98,FAIL
923,F4_PosDelever,FR5bp_OI85_H18,18,0.07,0.14,1399,0.9,-31.5,-1.15,515,0.64,-107.1,-3.32,FAIL
924,F4_PosDelever,FR5bp_OI85_H24,24,0.07,0.14,1317,0.89,-36.9,-1.23,493,0.6,-130.8,-3.4,FAIL
925,F4_PosDelever,FR5bp_OI90_H12,12,0.07,0.14,1352,0.95,-12.8,-0.55,505,0.68,-80.8,-2.77,FAIL
926,F4_PosDelever,FR5bp_OI90_H18,18,0.07,0.14,1227,0.98,-6.3,-0.23,462,0.61,-118.5,-3.55,FAIL
927,F4_PosDelever,FR5bp_OI90_H24,24,0.07,0.14,1166,0.94,-18.9,-0.62,443,0.61,-131.2,-3.12,FAIL
928,F4_PosDelever,PosDelever_BTC_var928,18,0.07,0.14,829,1.06,16.5,0.29,103,1.0,-0.8,-0.01,FAIL
929,F4_PosDelever,PosDelever_BTC_var929,18,0.07,0.14,829,1.06,16.5,0.29,103,1.0,-0.8,-0.01,FAIL
930,F4_PosDelever,PosDelever_BTC_var930,18,0.07,0.14,829,1.06,16.5,0.29,103,1.0,-0.8,-0.01,FAIL
931,F4_PosDelever,PosDelever_BTC_var931,18,0.07,0.14,829,1.06,16.5,0.29,103,1.0,-0.8,-0.01,FAIL
932,F4_PosDelever,PosDelever_BTC_var932,18,0.07,0.14,829,1.06,16.5,0.29,103,1.0,-0.8,-0.01,FAIL
933,F4_PosDelever,PosDelever_BTC_var933,18,0.07,0.14,829,1.06,16.5,0.29,103,1.0,-0.8,-0.01,FAIL
934,F4_PosDelever,PosDelever_BTC_var934,18,0.07,0.14,829,1.06,16.5,0.29,103,1.0,-0.8,-0.01,FAIL
935,F4_PosDelever,PosDelever_BTC_var935,18,0.07,0.14,829,1.06,16.5,0.29,103,1.0,-0.8,-0.01,FAIL
936,F4_PosDelever,PosDelever_BTC_var936,18,0.07,0.14,829,1.06,16.5,0.29,103,1.0,-0.8,-0.01,FAIL
937,F4_PosDelever,PosDelever_BTC_var937,18,0.07,0.14,829,1.06,16.5,0.29,103,1.0,-0.8,-0.01,FAIL
938,F4_PosDelever,PosDelever_BTC_var938,18,0.07,0.14,829,1.06,16.5,0.29,103,1.0,-0.8,-0.01,FAIL
939,F4_PosDelever,PosDelever_BTC_var939,18,0.07,0.14,829,1.06,16.5,0.29,103,1.0,-0.8,-0.01,FAIL
940,F4_PosDelever,PosDelever_BTC_var940,18,0.07,0.14,829,1.06,16.5,0.29,103,1.0,-0.8,-0.01,FAIL
941,F4_PosDelever,PosDelever_BTC_var941,18,0.07,0.14,829,1.06,16.5,0.29,103,1.0,-0.8,-0.01,FAIL
942,F4_PosDelever,PosDelever_BTC_var942,18,0.07,0.14,829,1.06,16.5,0.29,103,1.0,-0.8,-0.01,FAIL
943,F4_PosDelever,PosDelever_BTC_var943,18,0.07,0.14,829,1.06,16.5,0.29,103,1.0,-0.8,-0.01,FAIL
944,F4_PosDelever,PosDelever_BTC_var944,18,0.07,0.14,829,1.06,16.5,0.29,103,1.0,-0.8,-0.01,FAIL
945,F4_PosDelever,PosDelever_BTC_var945,18,0.07,0.14,829,1.06,16.5,0.29,103,1.0,-0.8,-0.01,FAIL
946,F4_PosDelever,PosDelever_BTC_var946,18,0.07,0.14,829,1.06,16.5,0.29,103,1.0,-0.8,-0.01,FAIL
947,F4_PosDelever,PosDelever_BTC_var947,18,0.07,0.14,829,1.06,16.5,0.29,103,1.0,-0.8,-0.01,FAIL
948,F4_PosDelever,PosDelever_BTC_var948,18,0.07,0.14,829,1.06,16.5,0.29,103,1.0,-0.8,-0.01,FAIL
949,F4_PosDelever,PosDelever_BTC_var949,18,0.07,0.14,829,1.06,16.5,0.29,103,1.0,-0.8,-0.01,FAIL
950,F4_PosDelever,PosDelever_BTC_var950,18,0.07,0.14,829,1.06,16.5,0.29,103,1.0,-0.8,-0.01,FAIL
951,F5_TripleScreen,Elder_WR80_H10_SL5,10,0.05,0.12,6423,0.7,-50.4,-1.63,2048,0.71,-36.6,-1.52,FAIL
952,F5_TripleScreen,Elder_WR80_H10_SL7,10,0.07,0.14,6244,0.68,-58.1,-1.7,2009,0.7,-37.9,-1.54,FAIL
953,F5_TripleScreen,Elder_WR80_H10_SL8,10,0.08,0.18,6198,0.67,-59.8,-1.67,1998,0.7,-37.9,-1.57,FAIL
954,F5_TripleScreen,Elder_WR80_H16_SL5,16,0.05,0.12,5696,0.81,-39.6,-1.03,1828,0.66,-56.7,-1.59,FAIL
955,F5_TripleScreen,Elder_WR80_H16_SL7,16,0.07,0.14,5357,0.79,-46.1,-1.04,1776,0.65,-59.1,-1.59,FAIL
956,F5_TripleScreen,Elder_WR80_H16_SL8,16,0.08,0.18,5272,0.79,-45.5,-0.97,1759,0.65,-58.0,-1.58,FAIL
957,F5_TripleScreen,Elder_WR80_H24_SL5,24,0.05,0.12,5413,0.84,-36.5,-0.89,1635,0.76,-46.4,-1.17,FAIL
958,F5_TripleScreen,Elder_WR80_H24_SL7,24,0.07,0.14,5024,0.81,-45.4,-0.95,1555,0.72,-54.5,-1.46,FAIL
959,F5_TripleScreen,Elder_WR80_H24_SL8,24,0.08,0.18,4932,0.81,-46.5,-0.91,1524,0.7,-57.1,-1.57,FAIL
960,F5_TripleScreen,Elder_WR75_H10_SL5,10,0.05,0.12,7882,0.72,-47.4,-1.72,2539,0.74,-32.1,-1.47,FAIL
961,F5_TripleScreen,Elder_WR75_H10_SL7,10,0.07,0.14,7637,0.7,-51.7,-1.72,2491,0.73,-33.3,-1.53,FAIL
962,F5_TripleScreen,Elder_WR75_H10_SL8,10,0.08,0.18,7581,0.7,-53.1,-1.7,2474,0.74,-33.0,-1.53,FAIL
963,F5_TripleScreen,Elder_WR75_H16_SL5,16,0.05,0.12,6824,0.8,-40.4,-1.18,2226,0.68,-51.6,-1.59,FAIL
964,F5_TripleScreen,Elder_WR75_H16_SL7,16,0.07,0.14,6410,0.79,-46.2,-1.19,2170,0.67,-55.6,-1.64,FAIL
965,F5_TripleScreen,Elder_WR75_H16_SL8,16,0.08,0.18,6308,0.79,-45.5,-1.11,2144,0.67,-54.8,-1.6,FAIL
966,F5_TripleScreen,Elder_WR75_H24_SL5,24,0.05,0.12,6410,0.84,-37.3,-0.99,1954,0.76,-46.3,-1.26,FAIL
967,F5_TripleScreen,Elder_WR75_H24_SL7,24,0.07,0.14,5942,0.81,-46.8,-1.08,1867,0.71,-57.7,-1.58,FAIL
968,F5_TripleScreen,Elder_WR75_H24_SL8,24,0.08,0.18,5820,0.81,-46.1,-1.01,1826,0.69,-60.7,-1.71,FAIL
969,F5_TripleScreen,Elder_WR70_H10_SL5,10,0.05,0.12,9519,0.73,-43.9,-1.78,3117,0.77,-27.9,-1.32,FAIL
970,F5_TripleScreen,Elder_WR70_H10_SL7,10,0.07,0.14,9219,0.72,-47.4,-1.76,3058,0.76,-28.7,-1.37,FAIL
971,F5_TripleScreen,Elder_WR70_H10_SL8,10,0.08,0.18,9139,0.72,-48.6,-1.74,3044,0.76,-28.7,-1.37,FAIL
972,F5_TripleScreen,Elder_WR70_H16_SL5,16,0.05,0.12,8107,0.8,-40.8,-1.3,2674,0.7,-47.9,-1.53,FAIL
973,F5_TripleScreen,Elder_WR70_H16_SL7,16,0.07,0.14,7595,0.78,-46.3,-1.32,2604,0.7,-50.4,-1.54,FAIL
974,F5_TripleScreen,Elder_WR70_H16_SL8,16,0.08,0.18,7476,0.79,-45.5,-1.23,2583,0.7,-50.1,-1.52,FAIL
975,F5_TripleScreen,Elder_WR70_H24_SL5,24,0.05,0.12,7552,0.85,-34.0,-0.97,2336,0.77,-43.3,-1.19,FAIL
976,F5_TripleScreen,Elder_WR70_H24_SL7,24,0.07,0.14,6960,0.83,-40.7,-1.02,2218,0.73,-52.8,-1.45,FAIL
977,F5_TripleScreen,Elder_WR70_H24_SL8,24,0.08,0.18,6818,0.85,-37.7,-0.89,2177,0.72,-56.6,-1.55,FAIL
978,F5_TripleScreen,Elder_BTC_var978,18,0.07,0.14,2043,0.88,-24.9,-0.46,443,0.6,-73.2,-1.09,FAIL
979,F5_TripleScreen,Elder_BTC_var979,18,0.07,0.14,2043,0.88,-24.9,-0.46,443,0.6,-73.2,-1.09,FAIL
980,F5_TripleScreen,Elder_BTC_var980,18,0.07,0.14,2043,0.88,-24.9,-0.46,443,0.6,-73.2,-1.09,FAIL
981,F5_TripleScreen,Elder_BTC_var981,18,0.07,0.14,2043,0.88,-24.9,-0.46,443,0.6,-73.2,-1.09,FAIL
982,F5_TripleScreen,Elder_BTC_var982,18,0.07,0.14,2043,0.88,-24.9,-0.46,443,0.6,-73.2,-1.09,FAIL
983,F5_TripleScreen,Elder_BTC_var983,18,0.07,0.14,2043,0.88,-24.9,-0.46,443,0.6,-73.2,-1.09,FAIL
984,F5_TripleScreen,Elder_BTC_var984,18,0.07,0.14,2043,0.88,-24.9,-0.46,443,0.6,-73.2,-1.09,FAIL
985,F5_TripleScreen,Elder_BTC_var985,18,0.07,0.14,2043,0.88,-24.9,-0.46,443,0.6,-73.2,-1.09,FAIL
986,F5_TripleScreen,Elder_BTC_var986,18,0.07,0.14,2043,0.88,-24.9,-0.46,443,0.6,-73.2,-1.09,FAIL
987,F5_TripleScreen,Elder_BTC_var987,18,0.07,0.14,2043,0.88,-24.9,-0.46,443,0.6,-73.2,-1.09,FAIL
988,F5_TripleScreen,Elder_BTC_var988,18,0.07,0.14,2043,0.88,-24.9,-0.46,443,0.6,-73.2,-1.09,FAIL
989,F5_TripleScreen,Elder_BTC_var989,18,0.07,0.14,2043,0.88,-24.9,-0.46,443,0.6,-73.2,-1.09,FAIL
990,F5_TripleScreen,Elder_BTC_var990,18,0.07,0.14,2043,0.88,-24.9,-0.46,443,0.6,-73.2,-1.09,FAIL
991,F5_TripleScreen,Elder_BTC_var991,18,0.07,0.14,2043,0.88,-24.9,-0.46,443,0.6,-73.2,-1.09,FAIL
992,F5_TripleScreen,Elder_BTC_var992,18,0.07,0.14,2043,0.88,-24.9,-0.46,443,0.6,-73.2,-1.09,FAIL
993,F5_TripleScreen,Elder_BTC_var993,18,0.07,0.14,2043,0.88,-24.9,-0.46,443,0.6,-73.2,-1.09,FAIL
994,F5_TripleScreen,Elder_BTC_var994,18,0.07,0.14,2043,0.88,-24.9,-0.46,443,0.6,-73.2,-1.09,FAIL
995,F5_TripleScreen,Elder_BTC_var995,18,0.07,0.14,2043,0.88,-24.9,-0.46,443,0.6,-73.2,-1.09,FAIL
996,F5_TripleScreen,Elder_BTC_var996,18,0.07,0.14,2043,0.88,-24.9,-0.46,443,0.6,-73.2,-1.09,FAIL
997,F5_TripleScreen,Elder_BTC_var997,18,0.07,0.14,2043,0.88,-24.9,-0.46,443,0.6,-73.2,-1.09,FAIL
998,F5_TripleScreen,Elder_BTC_var998,18,0.07,0.14,2043,0.88,-24.9,-0.46,443,0.6,-73.2,-1.09,FAIL
999,F5_TripleScreen,Elder_BTC_var999,18,0.07,0.14,2043,0.88,-24.9,-0.46,443,0.6,-73.2,-1.09,FAIL
1000,F5_TripleScreen,Elder_BTC_var1000,18,0.07,0.14,2043,0.88,-24.9,-0.46,443,0.6,-73.2,-1.09,FAIL
1001,F6_MacroAltRS,RS_Lead_H12_SL6,12,0.06,0.12,291,3.08,213.6,2.29,121,1.65,68.8,1.14,FAIL
1002,F6_MacroAltRS,RS_Lead_H12_SL7,12,0.07,0.14,291,3.02,208.4,2.36,121,1.79,80.1,1.3,FAIL
1003,F6_MacroAltRS,RS_Lead_H12_SL8,12,0.08,0.16,291,2.96,206.2,2.32,121,1.84,83.6,1.36,FAIL
1004,F6_MacroAltRS,RS_Lead_H18_SL6,18,0.06,0.12,291,3.51,274.3,2.63,121,1.27,40.7,0.52,FAIL
1005,F6_MacroAltRS,RS_Lead_H18_SL7,18,0.07,0.14,291,3.68,284.2,2.63,121,1.29,45.3,0.56,FAIL
1006,F6_MacroAltRS,RS_Lead_H18_SL8,18,0.08,0.16,291,3.75,292.6,2.5,121,1.32,48.8,0.6,FAIL
1007,F6_MacroAltRS,RS_Lead_H24_SL6,24,0.06,0.12,288,2.93,295.3,2.54,121,1.28,54.1,0.49,FAIL
1008,F6_MacroAltRS,RS_Lead_H24_SL7,24,0.07,0.14,288,2.95,298.8,2.47,121,1.21,44.3,0.39,FAIL
1009,F6_MacroAltRS,RS_Lead_H24_SL8,24,0.08,0.16,288,2.94,299.1,2.35,121,1.17,37.2,0.32,FAIL
1010,F6_MacroAltRS,RS_Lead_LowVol_Only_H12_SL6,12,0.06,0.12,136,1.4,60.9,0.6,40,1.14,17.0,0.28,FAIL
1011,F6_MacroAltRS,RS_Lead_LowVol_Only_H12_SL7,12,0.07,0.14,136,1.41,62.9,0.62,40,1.18,21.2,0.36,FAIL
1012,F6_MacroAltRS,RS_Lead_LowVol_Only_H12_SL8,12,0.08,0.16,136,1.46,72.2,0.68,40,1.15,18.7,0.32,FAIL
1013,F6_MacroAltRS,RS_Lead_LowVol_Only_H18_SL6,18,0.06,0.12,136,1.97,143.1,1.52,40,0.89,-14.5,-0.21,FAIL
1014,F6_MacroAltRS,RS_Lead_LowVol_Only_H18_SL7,18,0.07,0.14,136,2.15,159.1,1.64,40,0.89,-15.7,-0.23,FAIL
1015,F6_MacroAltRS,RS_Lead_LowVol_Only_H18_SL8,18,0.08,0.16,136,2.22,169.8,1.64,40,0.88,-17.4,-0.25,FAIL
1016,F6_MacroAltRS,RS_Lead_LowVol_Only_H24_SL6,24,0.06,0.12,134,2.27,233.7,1.58,40,0.77,-44.1,-0.61,FAIL
1017,F6_MacroAltRS,RS_Lead_LowVol_Only_H24_SL7,24,0.07,0.14,134,2.29,235.5,1.59,40,0.74,-51.2,-0.67,FAIL
1018,F6_MacroAltRS,RS_Lead_LowVol_Only_H24_SL8,24,0.08,0.16,134,2.33,248.4,1.58,40,0.71,-57.6,-0.77,FAIL
1019,F6_MacroAltRS,All_Alts_H12_SL6,12,0.06,0.12,629,1.95,119.4,1.58,440,0.89,-18.3,-0.28,FAIL
1020,F6_MacroAltRS,All_Alts_H12_SL7,12,0.07,0.14,629,1.89,115.4,1.51,440,0.95,-8.9,-0.13,FAIL
1021,F6_MacroAltRS,All_Alts_H12_SL8,12,0.08,0.16,629,1.82,110.1,1.4,440,0.98,-2.6,-0.04,FAIL
1022,F6_MacroAltRS,All_Alts_H18_SL6,18,0.06,0.12,628,2.17,160.4,1.87,434,1.05,9.4,0.12,FAIL
1023,F6_MacroAltRS,All_Alts_H18_SL7,18,0.07,0.14,628,2.22,166.5,1.85,434,1.1,17.1,0.21,FAIL
1024,F6_MacroAltRS,All_Alts_H18_SL8,18,0.08,0.16,628,2.16,164.1,1.74,434,1.19,32.0,0.38,FAIL
1025,F6_MacroAltRS,All_Alts_H24_SL6,24,0.06,0.12,619,2.05,174.3,1.93,431,0.96,-9.8,-0.11,FAIL
1026,F6_MacroAltRS,All_Alts_H24_SL7,24,0.07,0.14,619,2.03,174.5,1.83,431,0.96,-9.9,-0.1,FAIL
1027,F6_MacroAltRS,All_Alts_H24_SL8,24,0.08,0.16,619,1.95,165.7,1.68,431,1.02,4.8,0.05,FAIL
1028,F6_MacroAltRS,All_Alts_LowVol_Only_H12_SL6,12,0.06,0.12,325,0.83,-29.6,-0.37,104,0.47,-96.7,-1.5,FAIL
1029,F6_MacroAltRS,All_Alts_LowVol_Only_H12_SL7,12,0.07,0.14,325,0.81,-34.7,-0.4,104,0.48,-90.7,-1.44,FAIL
1030,F6_MacroAltRS,All_Alts_LowVol_Only_H12_SL8,12,0.08,0.16,325,0.8,-37.9,-0.4,104,0.49,-89.4,-1.43,FAIL
1031,F6_MacroAltRS,All_Alts_LowVol_Only_H18_SL6,18,0.06,0.12,325,1.12,21.8,0.27,103,0.43,-111.7,-1.34,FAIL
1032,F6_MacroAltRS,All_Alts_LowVol_Only_H18_SL7,18,0.07,0.14,325,1.16,27.3,0.31,103,0.42,-115.7,-1.34,FAIL
1033,F6_MacroAltRS,All_Alts_LowVol_Only_H18_SL8,18,0.08,0.16,325,1.15,26.7,0.28,103,0.43,-112.1,-1.29,FAIL
1034,F6_MacroAltRS,All_Alts_LowVol_Only_H24_SL6,24,0.06,0.12,317,1.36,73.9,0.72,103,0.33,-179.6,-1.36,FAIL
1035,F6_MacroAltRS,All_Alts_LowVol_Only_H24_SL7,24,0.07,0.14,317,1.35,73.4,0.66,103,0.32,-194.1,-1.37,FAIL
1036,F6_MacroAltRS,All_Alts_LowVol_Only_H24_SL8,24,0.08,0.16,317,1.33,71.6,0.59,103,0.32,-193.3,-1.3,FAIL
1037,F6_MacroAltRS,RS_Squeeze_var1037,18,0.07,0.14,2288,1.74,138.9,2.4,518,1.65,102.8,1.27,PASS_TRAIN_ONLY
1038,F6_MacroAltRS,RS_Squeeze_var1038,18,0.07,0.14,2288,1.74,138.9,2.4,518,1.65,102.8,1.27,PASS_TRAIN_ONLY
1039,F6_MacroAltRS,RS_Squeeze_var1039,18,0.07,0.14,2288,1.74,138.9,2.4,518,1.65,102.8,1.27,PASS_TRAIN_ONLY
1040,F6_MacroAltRS,RS_Squeeze_var1040,18,0.07,0.14,2288,1.74,138.9,2.4,518,1.65,102.8,1.27,PASS_TRAIN_ONLY
1041,F6_MacroAltRS,RS_Squeeze_var1041,18,0.07,0.14,2288,1.74,138.9,2.4,518,1.65,102.8,1.27,PASS_TRAIN_ONLY
1042,F6_MacroAltRS,RS_Squeeze_var1042,18,0.07,0.14,2288,1.74,138.9,2.4,518,1.65,102.8,1.27,PASS_TRAIN_ONLY
1043,F6_MacroAltRS,RS_Squeeze_var1043,18,0.07,0.14,2288,1.74,138.9,2.4,518,1.65,102.8,1.27,PASS_TRAIN_ONLY
1044,F6_MacroAltRS,RS_Squeeze_var1044,18,0.07,0.14,2288,1.74,138.9,2.4,518,1.65,102.8,1.27,PASS_TRAIN_ONLY
1045,F6_MacroAltRS,RS_Squeeze_var1045,18,0.07,0.14,2288,1.74,138.9,2.4,518,1.65,102.8,1.27,PASS_TRAIN_ONLY
1046,F6_MacroAltRS,RS_Squeeze_var1046,18,0.07,0.14,2288,1.74,138.9,2.4,518,1.65,102.8,1.27,PASS_TRAIN_ONLY
1047,F6_MacroAltRS,RS_Squeeze_var1047,18,0.07,0.14,2288,1.74,138.9,2.4,518,1.65,102.8,1.27,PASS_TRAIN_ONLY
1048,F6_MacroAltRS,RS_Squeeze_var1048,18,0.07,0.14,2288,1.74,138.9,2.4,518,1.65,102.8,1.27,PASS_TRAIN_ONLY
1049,F6_MacroAltRS,RS_Squeeze_var1049,18,0.07,0.14,2288,1.74,138.9,2.4,518,1.65,102.8,1.27,PASS_TRAIN_ONLY
1050,F6_MacroAltRS,RS_Squeeze_var1050,18,0.07,0.14,2288,1.74,138.9,2.4,518,1.65,102.8,1.27,PASS_TRAIN_ONLY
