family,q,hold,n,mean_bp,pf,t,per_day,folds_pos,mean15_bp,adj_bp,long_n,short_n,pass_rel,pass_std
F01_mom24,0.8,12,397,-15.776706925699019,0.899688510093029,-0.777574367605663,1.09366391184573,3,-25.77670692569901,-20.416760065359117,198,199,False,False
F01_mom24,0.9,12,216,-22.96519145222935,0.8750988688791967,-0.6230041964988623,0.5950413223140496,2,-32.96519145222935,-26.74938092222498,106,110,False,False
F01_mom24,0.95,12,111,7.239796781486015,1.0397769961822234,0.13482850820512662,0.30578512396694213,3,-2.760203218513988,5.244461342965616,59,52,False,False
F01_mom24,0.98,12,60,-82.01821151519557,0.6878409659857228,-1.0466894623644791,0.1652892561983471,2,-92.01821151519556,-83.55696883453747,38,22,False,False
F02_rev24,0.8,12,397,-24.223293074300997,0.8501129904126694,-1.1895529018283344,1.09366391184573,2,-34.22329307430099,-19.583239934640893,199,198,False,False
F02_rev24,0.9,12,216,-17.034808547770663,0.9054297175674644,-0.46137493259809,0.5950413223140496,2,-27.034808547770655,-13.250619077775028,110,106,False,False
F02_rev24,0.95,12,111,-47.23979678148605,0.7734609500241442,-0.8821264918523244,0.30578512396694213,3,-57.239796781486035,-45.24446134296563,52,59,False,False
F02_rev24,0.98,12,60,42.01821151519556,1.2143564614522526,0.5315938989154982,0.1652892561983471,4,32.01821151519557,43.556968834537436,22,38,False,False
F03_mom4,0.8,6,801,-1.4048689216122923,0.9866869469288888,-0.12760404566294428,2.206611570247934,3,-11.404868921612293,-3.303183476220612,410,391,False,False
F03_mom4,0.9,6,477,-5.478077000201481,0.9516830365203963,-0.37621420923186427,1.3140495867768596,3,-15.47807700020148,-7.573787309207711,245,232,False,False
F03_mom4,0.95,6,277,22.326310057625832,1.1988695115559513,0.9700314201172908,0.7630853994490359,4,12.326310057625832,21.244400606676653,138,139,False,False
F03_mom4,0.98,6,123,-50.840224401782656,0.6904948672515479,-1.5706825299992997,0.33884297520661155,1,-60.840224401782656,-53.18564892886972,67,56,False,False
F04_rev1,0.8,4,1151,-20.142569147645908,0.7971218016091522,-2.7051009781209943,3.1707988980716255,1,-30.142569147645904,-20.39722065551696,555,596,False,False
F04_rev1,0.9,4,744,-29.913980434815763,0.722683705060031,-3.1177167514805237,2.049586776859504,0,-39.91398043481576,-29.576126643345134,364,380,False,False
F04_rev1,0.95,4,449,-32.28548910776195,0.7198546723497741,-2.3954546771819376,1.2369146005509641,1,-42.28548910776193,-32.61497364765132,221,228,False,False
F04_rev1,0.98,4,203,-45.187438170255824,0.6441833479754785,-2.167998878008732,0.559228650137741,2,-55.187438170255824,-44.58885412307776,104,99,False,False
F05_rsi_rev,0.8,12,488,-35.49111902887465,0.7802785708303395,-1.9144661454556158,1.3443526170798898,1,-45.49111902887465,-30.794388877115445,250,238,False,False
F05_rsi_rev,0.9,12,316,-49.29817438521573,0.7202612927071261,-2.1204354902338496,0.8705234159779615,1,-59.29817438521573,-44.977769630830515,157,159,False,False
F05_rsi_rev,0.95,12,198,-68.89235192437646,0.6565433060985456,-2.1667566501630886,0.5454545454545454,1,-78.89235192437646,-63.30371360483748,101,97,False,False
F05_rsi_rev,0.98,12,104,-84.0274316591718,0.6072993749969043,-1.9076862922175761,0.2865013774104683,1,-94.0274316591718,-74.11617135334942,47,57,False,False
F06_bb_rev,0.8,12,513,-25.153539688165843,0.8393830116864512,-1.4774069670957117,1.4132231404958677,2,-35.153539688165836,-21.15363303084981,260,253,False,False
F06_bb_rev,0.9,12,403,-31.961727944339835,0.8117864595098938,-1.4910340152040629,1.1101928374655647,2,-41.96172794433984,-27.58668028159504,198,205,False,False
F06_bb_rev,0.95,12,300,-44.9199091132532,0.7484001491229045,-1.7732823604820784,0.8264462809917356,1,-54.91990911325318,-42.80496277588021,149,151,False,False
F06_bb_rev,0.98,12,196,-46.79920772261641,0.7555015373601267,-1.400865955773779,0.5399449035812672,1,-56.79920772261641,-44.368364535970244,99,97,False,False
F07_donchian,0.8,12,0,,,,0.0,0,,,0,0,False,False
F07_donchian,0.9,12,0,,,,0.0,0,,,0,0,False,False
F07_donchian,0.95,12,0,,,,0.0,0,,,0,0,False,False
F07_donchian,0.98,12,0,,,,0.0,0,,,0,0,False,False
F08_squeeze_break,0.8,18,158,-41.16638035797776,0.8002250044964586,-1.0352968419191424,0.43526170798898073,2,-51.16638035797776,-46.20733729359942,74,84,False,False
F08_squeeze_break,0.9,18,117,-16.493501434988758,0.9154757357263758,-0.378911410507361,0.32231404958677684,3,-26.493501434988747,-20.729067435834136,49,68,False,False
F08_squeeze_break,0.95,18,90,-20.181111679312792,0.8948721849929394,-0.398705648871699,0.24793388429752067,3,-30.1811116793128,-18.594131505988017,41,49,False,False
F08_squeeze_break,0.98,18,52,41.040104080807886,1.2540682312684415,0.6278982749959229,0.14325068870523416,3,31.040104080807883,40.03363080325767,20,32,False,False
F09_vol_follow,0.8,12,537,2.040324965862001,1.0139427890018284,0.11120589933390726,1.4793388429752066,3,-7.959675034138,0.993914639215123,273,264,False,False
F09_vol_follow,0.9,12,434,12.48529862246424,1.0872319099636116,0.6155121230811957,1.1955922865013775,4,2.485298622464237,11.23554251691285,211,223,False,False
F09_vol_follow,0.95,12,321,9.505831735218834,1.059554943474707,0.35297957900038496,0.8842975206611571,3,-0.4941682647811642,6.365250809064255,161,160,False,False
F09_vol_follow,0.98,12,195,32.60996776728434,1.2136578868906474,0.9129864461863063,0.5371900826446281,4,22.60996776728434,25.752965311600253,110,85,False,False
F10_vol_fade,0.8,12,537,-42.04032496586202,0.752507245335701,-2.291149058055483,1.4793388429752066,1,-52.04032496586201,-40.99391463921514,264,273,False,False
F10_vol_fade,0.9,12,434,-52.48529862246426,0.7020523398646503,-2.584323939888296,1.1955922865013775,2,-62.485298622464256,-51.23554251691287,223,211,False,False
F10_vol_fade,0.95,12,321,-49.50583173521885,0.7388832377771835,-1.8366596954472263,0.8842975206611571,1,-59.505831735218855,-46.36525080906427,160,161,False,False
F10_vol_fade,0.98,12,195,-72.60996776728433,0.6469594267125077,-2.02886034974101,0.5371900826446281,1,-82.60996776728433,-65.75296531160026,85,110,False,False
F11_taker_follow,0.8,12,583,-12.903913975802682,0.9146850133834082,-0.794088408373628,1.606060606060606,2,-22.903913975802677,-17.67759353978958,306,277,False,False
F11_taker_follow,0.9,12,489,-2.5858997615746664,0.9821707492906763,-0.1510884403223736,1.3471074380165289,3,-12.585899761574666,-7.992771724644384,270,219,False,False
F11_taker_follow,0.95,12,372,44.33461994972961,1.3881468865339912,2.241503246449525,1.024793388429752,4,34.33461994972961,40.624265928121275,194,178,True,True
F11_taker_follow,0.98,12,238,25.04004035830345,1.2128668205524717,1.0500652266467743,0.6556473829201102,3,15.040040358303452,19.67531486427021,124,114,False,False
F12_taker_fade,0.8,12,583,-27.09608602419733,0.8289233945075144,-1.6703863289508902,1.606060606060606,2,-37.096086024197334,-22.322406460210434,277,306,False,False
F12_taker_fade,0.9,12,489,-37.41410023842534,0.7705201478507442,-2.1882810542915054,1.3471074380165289,1,-47.414100238425355,-32.00722827535563,219,270,False,False
F12_taker_fade,0.95,12,372,-84.33461994972963,0.5366580718210112,-4.264173165925071,1.024793388429752,0,-94.3346199497296,-80.62426592812129,178,194,False,False
F12_taker_fade,0.98,12,238,-65.04004035830346,0.6043993541359187,-2.7264311800979377,0.6556473829201102,2,-75.04004035830346,-59.67531486427022,114,124,False,False
F13_cvd_div,0.8,12,455,-3.939776915728441,0.9737121117810078,-0.21030612674991864,1.2534435261707988,3,-13.939776915728444,-4.574592589340254,218,237,False,False
F13_cvd_div,0.9,12,289,-39.55925725809615,0.7708316599328433,-1.6114192956698852,0.7961432506887053,1,-49.55925725809616,-37.85727799519573,147,142,False,False
F13_cvd_div,0.95,12,171,-6.908559674474285,0.9578500213188736,-0.23178590593291978,0.47107438016528924,2,-16.908559674474283,-7.917351345155495,84,87,False,False
F13_cvd_div,0.98,12,85,0.6471808177287427,1.0034816755398999,0.010839172950194221,0.23415977961432508,2,-9.35281918227126,-5.545878760384943,39,46,False,False
F14_flushout,0.8,12,0,,,,0.0,0,,,0,0,False,False
F14_flushout,0.9,12,0,,,,0.0,0,,,0,0,False,False
F14_flushout,0.95,12,0,,,,0.0,0,,,0,0,False,False
F14_flushout,0.98,12,0,,,,0.0,0,,,0,0,False,False
F15_fund_fade,0.8,8,693,-35.732656701549566,0.736157993299125,-2.921881058001151,1.9090909090909092,0,-45.73265670154957,-29.870802443358063,143,550,False,False
F15_fund_fade,0.9,8,644,-31.613249613244,0.7625192015705319,-2.543929302987432,1.7741046831955922,0,-41.613249613244015,-25.080052494360952,93,551,False,False
F15_fund_fade,0.95,8,617,-27.61704963632547,0.7860251201681289,-2.184335954843792,1.699724517906336,1,-37.617049636325476,-20.47758029528841,65,552,False,False
F15_fund_fade,0.98,8,602,-27.864923190881814,0.7848985821924457,-2.1468445774055276,1.6584022038567494,1,-37.86492319088181,-20.17171342352986,48,554,False,False
F16_fund_follow,0.8,8,693,-4.267343298450436,0.9640428926434325,-0.34726136537767843,1.9090909090909092,3,-14.267343298450438,-10.129197556641937,550,143,False,False
F16_fund_follow,0.9,8,644,-8.386750386756,0.9303935364613178,-0.6700276239064133,1.7741046831955922,3,-18.386750386756002,-14.919947505639058,551,93,False,False
F16_fund_follow,0.95,8,617,-12.38295036367453,0.8972269943848414,-0.9714845508648482,1.699724517906336,3,-22.382950363674528,-19.5224197047116,552,65,False,False
F16_fund_follow,0.98,8,602,-12.135076809118194,0.8994067818691832,-0.9291343878801378,1.6584022038567494,3,-22.135076809118196,-19.828286576470152,554,48,False,False
F17_fund3_exh,0.8,8,519,-17.370933488131925,0.8575547080487826,-1.3681689410128273,1.4297520661157024,1,-27.370933488131925,-13.21543183914853,155,364,False,False
F17_fund3_exh,0.9,8,461,-12.790093741250693,0.8942795950632054,-0.9330350293312178,1.2699724517906337,2,-22.790093741250697,-8.368269512817106,99,362,False,False
F17_fund3_exh,0.95,8,443,-17.80180677079876,0.8500971441560432,-1.2920789208151326,1.2203856749311295,2,-27.801806770798763,-12.530814049031422,79,364,False,False
F17_fund3_exh,0.98,8,422,-24.344513430804515,0.7992765732264377,-1.760173480054546,1.162534435261708,2,-34.34451343080452,-18.478513227954256,58,364,False,False
F18_oi_follow,0.8,12,548,-14.551989626293606,0.9082773028507761,-0.7909497913984559,1.5096418732782368,1,-24.55198962629361,-15.327963147306857,178,370,False,False
F18_oi_follow,0.9,12,396,-14.706716110556888,0.9118149395994488,-0.6613288734200227,1.0909090909090908,2,-24.706716110556894,-14.853987604778,131,265,False,False
F18_oi_follow,0.95,12,252,0.06351938134560234,1.0003973623767761,0.002378820592916275,0.6942148760330579,3,-9.936480618654397,1.2758425066195727,89,163,False,False
F18_oi_follow,0.98,12,127,-23.273730558877375,0.885105358393146,-0.5149453513473705,0.349862258953168,1,-33.27373055887738,-24.01531236427269,47,80,False,False
F19_oi_flush,0.8,12,122,2.065089960979779,1.0126789121810746,0.04967459356396154,0.33608815426997246,3,-7.93491003902023,-6.276147790158033,122,0,False,False
F19_oi_flush,0.9,12,68,-25.629041918041455,0.8655952651649313,-0.39902866201400083,0.18732782369146006,3,-35.62904191804145,-41.76659606667001,68,0,False,False
F19_oi_flush,0.95,12,36,-30.334362495261004,0.8505438065828854,-0.36245982828884826,0.09917355371900827,3,-40.334362495261,-37.47431874031167,36,0,False,False
F19_oi_flush,0.98,12,17,128.82852069404615,1.7826682779683862,0.9034624548184333,0.046831955922865015,4,118.82852069404615,113.51833089748366,17,0,False,False
F20_btc_lead,0.8,4,1195,-29.637502343099264,0.7090014707194331,-4.028438420487717,3.2920110192837466,0,-39.63750234309925,-29.269524389555034,569,626,False,False
F20_btc_lead,0.9,4,740,-25.225668768652458,0.7645605650128884,-2.401448842578097,2.038567493112948,1,-35.22566876865245,-25.320703071116537,343,397,False,False
F20_btc_lead,0.95,4,451,-30.07544298202711,0.7348639745898601,-2.2679255599269847,1.2424242424242424,1,-40.0754429820271,-30.34063536730575,236,215,False,False
F20_btc_lead,0.98,4,229,-11.30096552872873,0.8995362596190934,-0.6003863491559777,0.6308539944903582,3,-21.300965528728735,-11.210332415371116,112,117,False,False
F21_rs_follow,0.8,12,403,-2.6918953748173142,0.9829642271942076,-0.12385282271330104,1.1101928374655647,3,-12.69189537481732,-6.302405481401524,203,200,False,False
F21_rs_follow,0.9,12,218,-11.997409545669868,0.9270996737871748,-0.398201319897823,0.6005509641873278,3,-21.99740954566986,-15.215143291286903,112,106,False,False
F21_rs_follow,0.95,12,120,-8.750348740721309,0.9539588740738411,-0.1784939523212877,0.3305785123966942,4,-18.750348740721318,-10.77470376124915,65,55,False,False
F21_rs_follow,0.98,12,60,-60.762797148550185,0.7588535569585659,-0.7276718609035787,0.1652892561983471,1,-70.76279714855018,-59.900906947236756,36,24,False,False
F22_rs_fade,0.8,12,403,-37.30810462518269,0.7888994398811704,-1.7088638394202158,1.1101928374655647,1,-47.30810462518269,-33.69759451859848,200,203,False,False
F22_rs_fade,0.9,12,218,-28.002590454330143,0.8374147687416873,-0.9279151481207095,0.6005509641873278,2,-38.00259045433015,-24.784856708713125,106,112,False,False
F22_rs_fade,0.95,12,120,-31.24965125927871,0.8446268319391779,-0.6358677408530636,0.3305785123966942,2,-41.24965125927871,-29.22529623875088,55,65,False,False
F22_rs_fade,0.98,12,60,20.762797148550153,1.0986330826789545,0.2474702631591118,0.1652892561983471,5,10.76279714855016,19.90090694723672,24,36,False,False
F23_atr_break,0.8,12,385,5.0836788284637695,1.0321075652175216,0.22207569634447122,1.0606060606060606,4,-4.9163211715362305,3.4904683330477657,207,178,False,False
F23_atr_break,0.9,12,227,-6.062212109454819,0.9661735298494596,-0.18413750748054214,0.6253443526170799,3,-16.062212109454816,-7.7791086526247195,127,100,False,False
F23_atr_break,0.95,12,129,19.900350612844008,1.1175079241110604,0.5487910362292933,0.35537190082644626,2,9.900350612843999,17.562308938048947,78,51,False,False
F23_atr_break,0.98,12,60,-28.9594706872139,0.8353635710485761,-0.5116938093016316,0.1652892561983471,3,-38.959470687213894,-44.240973043812836,34,26,False,False
F24_trend_pullback,0.8,12,225,-21.846283464909863,0.8580700992223842,-0.8463046266990744,0.6198347107438017,2,-31.846283464909863,-26.72275334962983,125,100,False,False
F24_trend_pullback,0.9,12,140,-20.80110204993809,0.8657965275681199,-0.5805213571367076,0.3856749311294766,2,-30.801102049938095,-30.26505113897248,76,64,False,False
F24_trend_pullback,0.95,12,84,-21.155977738693128,0.8701538892992738,-0.42566722053420136,0.23140495867768596,1,-31.155977738693128,-38.26509253256955,46,38,False,False
F24_trend_pullback,0.98,12,39,-39.34822973212968,0.7867304411919459,-0.483078730216383,0.10743801652892562,1,-49.34822973212967,-55.092190598492785,18,21,False,False
F25_basis_fade,0.8,8,688,-28.46842654800559,0.781601446254537,-2.2906317177342457,1.8953168044077136,0,-38.46842654800559,-27.685729820382697,376,312,False,False
F25_basis_fade,0.9,8,469,-16.657845578007244,0.8739323386327699,-1.102876846124748,1.2920110192837466,2,-26.657845578007244,-17.632525450096285,247,222,False,False
F25_basis_fade,0.95,8,292,7.0695084581419305,1.054060472932405,0.2997945538720774,0.8044077134986226,2,-2.9304915418580717,8.38975827652478,161,131,False,False
F25_basis_fade,0.98,8,140,33.01064807551339,1.2370743762044276,0.7625074973177763,0.3856749311294766,4,23.010648075513384,36.92950984856853,72,68,False,False
F26_count_follow,0.8,12,530,3.3956003743889003,1.022605287495967,0.17571041274461915,1.4600550964187329,3,-6.604399625611098,7.1381172101433945,257,273,False,False
F26_count_follow,0.9,12,430,22.81507799800391,1.1621528201432083,1.092520334047566,1.184573002754821,3,12.815077998003906,19.08505835548374,234,196,False,False
F26_count_follow,0.95,12,308,8.846329195848572,1.0546679432688149,0.3225963222505557,0.8484848484848485,4,-1.1536708041514254,4.4404154204886455,158,150,False,False
F26_count_follow,0.98,12,177,8.157959441333514,1.046342412198656,0.2227880803885494,0.48760330578512395,3,-1.8420405586664883,4.535511157726014,91,86,False,False
F27_toptrader_follow,0.8,12,436,-9.788318597986956,0.9371852623365776,-0.4909033956951963,1.2011019283746556,3,-19.788318597986958,-9.350274067229378,227,209,False,False
F27_toptrader_follow,0.9,12,265,-28.27942110437123,0.8382984219921715,-0.9811827854399463,0.7300275482093664,3,-38.279421104371224,-27.066125021524442,134,131,False,False
F27_toptrader_follow,0.95,12,149,-33.93652492335113,0.8163590731679744,-0.7570125489844611,0.41046831955922863,3,-43.93652492335113,-33.20213155123232,74,75,False,False
F27_toptrader_follow,0.98,12,77,53.93353795614101,1.352597190938237,0.8334248960892523,0.21212121212121213,4,43.933537956140995,51.24427044587488,36,41,False,False
F28_crowd_fade,0.8,12,345,13.140217803758677,1.0897671525833874,0.5589630290936587,0.9504132231404959,4,3.1402178037586794,6.968906755606347,131,214,False,False
F28_crowd_fade,0.9,12,218,22.761451244027285,1.1592803827105946,0.8534283521870318,0.6005509641873278,5,12.761451244027283,24.208552467106628,82,136,False,False
F28_crowd_fade,0.95,12,142,12.57480127332672,1.0866541377775787,0.38214630609134426,0.39118457300275483,3,2.574801273326727,14.371845384873073,61,81,False,False
F28_crowd_fade,0.98,12,75,-2.499896091901312,0.9828526609953369,-0.05207308601570459,0.2066115702479339,5,-12.499896091901315,4.455125792878624,32,43,False,False
