tf,family,q,hold_bars,n,mean_bp,pf,t,per_day,folds_pos,mean15_bp,adj_bp,pass_rel,pass_std
1m,F01_mom24|bars,0.999653,12,69,-49.9744730148836,0.4989793827131144,-3.222027000848243,0.19008264462809918,1,-59.97447301488357,-50.130056130438625,False,False
1m,F01_mom24|bars,0.999306,12,117,-45.31375110379702,0.4613969402255585,-3.3933254977111207,0.32231404958677684,1,-55.31375110379701,-45.380176612434376,False,False
1m,F01_mom24|bars,0.998611,12,220,-45.66711202688533,0.4386206207680633,-4.8914454654098956,0.6060606060606061,0,-55.66711202688532,-45.77832553164847,False,False
1m,F01_mom24|bars,0.997222,12,402,-40.605794849660676,0.43275125376997525,-7.817821499574933,1.1074380165289257,0,-50.605794849660654,-40.709666772604265,False,False
1m,F01_mom24|clock,0.999653,720,30,-97.43672429365,0.6657721465115171,-0.8289082430830124,0.08264462809917356,3,-107.43672429365002,-108.18523590574773,False,False
1m,F01_mom24|clock,0.999306,720,53,-12.965896450491735,0.9435918212538552,-0.16075945812150041,0.14600550964187328,3,-22.96589645049174,-20.705445159813223,False,False
1m,F01_mom24|clock,0.998611,720,86,-21.098140257822358,0.8999689543482824,-0.3525103274644486,0.2369146005509642,2,-31.098140257822365,-27.307043891696754,False,False
1m,F01_mom24|clock,0.997222,720,135,-71.89852146586618,0.7071698660785005,-1.5299611729149614,0.371900826446281,1,-81.89852146586617,-80.74853247396788,False,False
1m,F02_rev24|bars,0.999653,12,69,9.974473014883564,1.15017862018233,0.5443502729466607,0.19008264462809918,3,-0.02552698511642983,10.130056130438618,False,False
1m,F02_rev24|bars,0.999306,12,117,5.313751103796988,1.0956538094364296,0.36545669244804146,0.32231404958677684,4,-4.686248896203004,5.380176612434364,False,False
1m,F02_rev24|bars,0.998611,12,220,5.6671120268853,1.1090357955307169,0.5388511672353992,0.6060606060606061,3,-4.332887973114692,5.778325531648465,False,False
1m,F02_rev24|bars,0.997222,12,402,0.6057948496606524,1.0127849649209462,0.09599350120726023,1.1074380165289257,3,-9.39420515033934,0.7096667726042565,False,False
1m,F02_rev24|clock,0.999653,720,30,57.436724293649974,1.2707604067602631,0.48705842832190965,0.08264462809917356,3,47.43672429364997,68.18523590574773,False,False
1m,F02_rev24|clock,0.999306,720,53,-27.034103549508302,0.8852511753238932,-0.3346010756826864,0.14600550964187328,1,-37.03410354950829,-19.29455484018679,False,False
1m,F02_rev24|clock,0.998611,720,86,-18.901859742177642,0.9095829138244306,-0.3162313700169362,0.2369146005509642,2,-28.901859742177656,-12.692956108303266,False,False
1m,F02_rev24|clock,0.997222,720,135,31.898521465866175,1.1667971475059382,0.6772879459448047,0.371900826446281,3,21.898521465866164,40.74853247396787,False,False
1m,F03_mom4|bars,0.999653,6,147,-52.76943701243789,0.43621647219574783,-4.357853680615853,0.4049586776859504,0,-62.769437012437876,-52.82411224093186,False,False
1m,F03_mom4|bars,0.999306,6,275,-43.89867663815232,0.417210304591955,-5.547939778456925,0.7575757575757576,0,-53.89867663815229,-43.92806099423506,False,False
1m,F03_mom4|bars,0.998611,6,534,-35.2479554707261,0.4347447321427882,-6.480355236644189,1.4710743801652892,0,-45.24795547072608,-35.2753282018993,False,False
1m,F03_mom4|bars,0.997222,6,1015,-28.138928073700168,0.459652349955095,-7.6269692767591035,2.796143250688705,0,-38.13892807370016,-28.164209341389746,False,False
1m,F03_mom4|clock,0.999653,360,85,-49.30541282097712,0.7192685381742447,-1.0242374611489387,0.23415977961432508,2,-59.3054128209771,-52.77144681006058,False,False
1m,F03_mom4|clock,0.999306,360,152,-84.38136804471662,0.5402761140800167,-2.533386614278366,0.418732782369146,1,-94.38136804471661,-86.4799651805486,False,False
1m,F03_mom4|clock,0.998611,360,234,-57.3143939882552,0.65343160208238,-2.227656646578778,0.6446280991735537,2,-67.3143939882552,-59.39968230775591,False,False
1m,F03_mom4|clock,0.997222,360,366,-29.21234169259997,0.7881566899931817,-1.469091188338078,1.0082644628099173,1,-39.21234169259998,-30.195447047196097,False,False
1m,F04_rev1|bars,0.999653,4,255,-8.97790975030438,0.818198628670887,-1.0785595535578802,0.7024793388429752,1,-18.977909750304377,-8.961757742208244,False,False
1m,F04_rev1|bars,0.999306,4,496,-13.754208911584813,0.687960267012271,-2.3870350858217804,1.3663911845730028,2,-23.75420891158481,-13.742807609417873,False,False
1m,F04_rev1|bars,0.998611,4,941,-15.765929322052727,0.6013450040413596,-3.8845302957711274,2.5922865013774103,1,-25.76592932205272,-15.763376391468388,False,False
1m,F04_rev1|bars,0.997222,4,1752,-18.560549303720077,0.49714070090244283,-6.663011477394443,4.8264462809917354,0,-28.560549303720077,-18.555430631760263,False,False
1m,F04_rev1|clock,0.999653,240,163,-10.238775283671158,0.9218840678119379,-0.3701689499603303,0.4490358126721763,2,-20.238775283671156,-9.62504225816239,False,False
1m,F04_rev1|clock,0.999306,240,272,-15.726601364401013,0.8679077236950016,-0.7435281127774293,0.7493112947658402,3,-25.726601364401013,-14.36474670320045,False,False
1m,F04_rev1|clock,0.998611,240,419,7.468623588234456,1.0756773154286123,0.6203134135694027,1.1542699724517906,3,-2.5313764117655455,8.140007191826216,False,False
1m,F04_rev1|clock,0.997222,240,608,-15.12694769119058,0.8563553323562257,-1.5178692737697324,1.674931129476584,0,-25.126947691190573,-14.897909200247934,False,False
1m,F05_rsi_rev|bars,0.999653,12,203,16.46039311577823,1.53863454667902,1.9696032356367712,0.559228650137741,4,6.46039311577824,16.524948886404186,False,False
1m,F05_rsi_rev|bars,0.999306,12,338,-0.6253388264812604,0.9826944428384337,-0.10344228030963683,0.931129476584022,4,-10.625338826481254,-0.5810379965739285,False,False
1m,F05_rsi_rev|bars,0.998611,12,574,-5.9083590054301185,0.8312853954334816,-1.530648887485653,1.581267217630854,1,-15.908359005430114,-5.887634758526883,False,False
1m,F05_rsi_rev|bars,0.997222,12,1020,-9.789790126111296,0.7124332708014882,-3.553559972085729,2.809917355371901,1,-19.789790126111292,-9.76222430814911,False,False
1m,F05_rsi_rev|clock,0.999653,720,150,57.917809012056175,1.440304925618462,1.726329764831335,0.4132231404958678,3,47.91780901205619,63.52104475702703,False,False
1m,F05_rsi_rev|clock,0.999306,720,223,28.673843100696757,1.196347044557356,0.971884317518809,0.6143250688705234,5,18.673843100696754,29.70318147039444,False,False
1m,F05_rsi_rev|clock,0.998611,720,301,-14.832817201594073,0.9128079729379189,-0.5876642245062442,0.8292011019283747,3,-24.83281720159407,-13.537134352693938,False,False
1m,F05_rsi_rev|clock,0.997222,720,407,-24.369909215789285,0.8515978955810964,-1.155111972108504,1.121212121212121,3,-34.369909215789285,-24.962518403876373,False,False
1m,F06_bb_rev|bars,0.999653,12,436,-10.934939138765719,0.6998822776519403,-2.354267667743492,1.2011019283746556,1,-20.934939138765717,-10.900697858579834,False,False
1m,F06_bb_rev|bars,0.999306,12,806,-14.91676436612637,0.5717573103186262,-5.214762268347947,2.2203856749311295,0,-24.916764366126365,-14.882683448415792,False,False
1m,F06_bb_rev|bars,0.998611,12,1456,-19.032939268588258,0.4673721752775384,-8.075378531433277,4.011019283746556,0,-29.032939268588258,-19.00002453068955,False,False
1m,F06_bb_rev|bars,0.997222,12,2677,-17.060424772247536,0.4700745435977771,-11.614865220484848,7.37465564738292,0,-27.060424772247533,-17.030809590602725,False,False
1m,F06_bb_rev|clock,0.999653,720,265,14.172912468613417,1.104520045287628,0.5644228173325558,0.7300275482093664,4,4.172912468613417,15.811166958832183,False,False
1m,F06_bb_rev|clock,0.999306,720,356,-22.334143362342108,0.8606184574921704,-1.0300333180326338,0.9807162534435262,2,-32.334143362342104,-19.12060757920607,False,False
1m,F06_bb_rev|clock,0.998611,720,478,10.342821965934958,1.0735343395455594,0.5444925311868833,1.3168044077134986,3,0.34282196593495856,10.605679132351112,False,False
1m,F06_bb_rev|clock,0.997222,720,568,-29.958583576226413,0.8082096168473998,-1.8150004053888928,1.5647382920110193,1,-39.95858357622641,-26.00923581877156,False,False
1m,F07_donchian|bars,0.999653,12,0,,,,0.0,0,,,False,False
1m,F07_donchian|bars,0.999306,12,0,,,,0.0,0,,,False,False
1m,F07_donchian|bars,0.998611,12,0,,,,0.0,0,,,False,False
1m,F07_donchian|bars,0.997222,12,0,,,,0.0,0,,,False,False
1m,F07_donchian|clock,0.999653,720,0,,,,0.0,0,,,False,False
1m,F07_donchian|clock,0.999306,720,0,,,,0.0,0,,,False,False
1m,F07_donchian|clock,0.998611,720,0,,,,0.0,0,,,False,False
1m,F07_donchian|clock,0.997222,720,0,,,,0.0,0,,,False,False
1m,F08_squeeze_break|bars,0.999653,18,10,-28.160662975573832,0.5271011030358843,-0.7813843596042133,0.027548209366391185,1,-38.160662975573814,-27.42624215676582,False,False
1m,F08_squeeze_break|bars,0.999306,18,21,-4.877393250863508,0.90631157754502,-0.16384706502569252,0.05785123966942149,1,-14.877393250863497,-4.7454870265784095,False,False
1m,F08_squeeze_break|bars,0.998611,18,42,0.9305457428448909,1.0222434791732586,0.05435936109512967,0.11570247933884298,1,-9.069454257155101,1.1878972063717397,False,False
1m,F08_squeeze_break|bars,0.997222,18,82,-11.000524266689501,0.7662941802151794,-0.8997338391496345,0.22589531680440772,0,-21.000524266689492,-10.985337621763202,False,False
1m,F08_squeeze_break|clock,0.999653,1080,10,-71.56069752306485,0.693175166691533,-0.42524159327151045,0.027548209366391185,1,-81.56069752306486,-15.864475959039872,False,False
1m,F08_squeeze_break|clock,0.999306,1080,18,64.36244168295774,1.5180770699017223,0.7078296081648714,0.049586776859504134,1,54.36244168295773,85.23818563417866,False,False
1m,F08_squeeze_break|clock,0.998611,1080,34,-42.31512333663197,0.7856045847105282,-0.5557039584427793,0.09366391184573003,1,-52.315123336631956,-11.460135814692798,False,False
1m,F08_squeeze_break|clock,0.997222,1080,51,-49.35854256909269,0.7491066728048799,-0.8317824366672691,0.14049586776859505,0,-59.35854256909269,-52.144592092784336,False,False
1m,F09_vol_follow|bars,0.999653,12,386,-26.25832604847381,0.3789570007800378,-6.056816192994374,1.0633608815426998,0,-36.2583260484738,-26.308885870338063,False,False
1m,F09_vol_follow|bars,0.999306,12,752,-22.46293734494993,0.4167413425193564,-7.271097745963422,2.071625344352617,0,-32.46293734494993,-22.510559055018575,False,False
1m,F09_vol_follow|bars,0.998611,12,1389,-21.845753606198098,0.4037946551566172,-11.587242733284995,3.8264462809917354,0,-31.845753606198095,-21.8793966350299,False,False
1m,F09_vol_follow|bars,0.997222,12,2550,-21.571886908333077,0.3779037513124928,-15.799230061413255,7.024793388429752,0,-31.571886908333067,-21.617918745459967,False,False
1m,F09_vol_follow|clock,0.999653,720,233,-27.64314643423805,0.8215120240893692,-1.0084874353589723,0.6418732782369146,1,-37.643146434238055,-27.696938558324966,False,False
1m,F09_vol_follow|clock,0.999306,720,347,-57.61765253185733,0.6625700559213146,-2.6368241296278057,0.9559228650137741,1,-67.61765253185733,-59.04076309849655,False,False
1m,F09_vol_follow|clock,0.998611,720,450,-47.62841681280189,0.7205056485555602,-2.4417529868192562,1.2396694214876034,0,-57.62841681280189,-48.279052803429245,False,False
1m,F09_vol_follow|clock,0.997222,720,549,-44.350487750878834,0.7304285772130962,-2.715023899550456,1.512396694214876,0,-54.35048775087884,-49.32460602707698,False,False
1m,F10_vol_fade|bars,0.999653,12,386,-13.741673951526208,0.6003681863759617,-3.24506258549932,1.0633608815426998,1,-23.741673951526202,-13.691114129661944,False,False
1m,F10_vol_fade|bars,0.999306,12,752,-17.537062655050086,0.4988018033434713,-5.548932489601225,2.071625344352617,0,-27.53706265505008,-17.48944094498143,False,False
1m,F10_vol_fade|bars,0.998611,12,1389,-18.154246393801913,0.45919733827617165,-9.523686270190566,3.8264462809917354,0,-28.154246393801913,-18.120603364970105,False,False
1m,F10_vol_fade|bars,0.997222,12,2550,-18.42811309166693,0.4222034379738245,-13.625515234171601,7.024793388429752,0,-28.428113091666926,-18.382081254540036,False,False
1m,F10_vol_fade|clock,0.999653,720,233,-12.356853565761963,0.9151177073558415,-0.4501175674540878,0.6418732782369146,2,-22.356853565761963,-12.303061441675052,False,False
1m,F10_vol_fade|clock,0.999306,720,347,17.617652531857328,1.1357967659785748,0.8087101145914974,0.9559228650137741,4,7.617652531857334,19.04076309849654,False,False
1m,F10_vol_fade|clock,0.998611,720,450,7.628416812801864,1.0539435847884724,0.39110034867584414,1.2396694214876034,5,-2.3715831871981354,8.27905280342924,False,False
1m,F10_vol_fade|clock,0.997222,720,549,4.350487750878833,1.0311286173655378,0.2671908862848869,1.512396694214876,3,-5.649512249121168,9.324606027076973,False,False
1m,F11_taker_follow|bars,0.999653,12,7955,-20.373166528484056,0.20754806736135187,-20.31223914014406,21.914600550964188,0,-30.373166528484056,-20.38509177413925,False,False
1m,F11_taker_follow|bars,0.999306,12,8098,-20.45175644577577,0.20645537462056396,-20.937577601711606,22.308539944903583,0,-30.45175644577577,-20.46302820906234,False,False
1m,F11_taker_follow|bars,0.998611,12,8315,-20.357492479911116,0.20857728792251226,-21.4677412161551,22.90633608815427,0,-30.357492479911112,-20.366727514742248,False,False
1m,F11_taker_follow|bars,0.997222,12,8763,-20.085007657183336,0.21555167605134185,-22.497730507405294,24.140495867768596,0,-30.08500765718333,-20.09126244112749,False,False
1m,F11_taker_follow|clock,0.999653,720,501,-13.741285430305334,0.893727231432343,-0.9269052231897581,1.3801652892561984,2,-23.741285430305332,-15.611781424079709,False,False
1m,F11_taker_follow|clock,0.999306,720,516,-12.222721822179732,0.9053080133607132,-0.8362590395421404,1.421487603305785,2,-22.222721822179736,-13.840483543352645,False,False
1m,F11_taker_follow|clock,0.998611,720,536,-17.15350361037552,0.8718936235472882,-1.1669013887749227,1.4765840220385675,1,-27.15350361037552,-18.409266266129244,False,False
1m,F11_taker_follow|clock,0.997222,720,562,-13.62532476738677,0.898846705916768,-0.9284642281344471,1.5482093663911847,2,-23.62532476738677,-14.750485531577636,False,False
1m,F12_taker_fade|bars,0.999653,12,7955,-19.62683347151596,0.2162870993888756,-19.971639044792276,21.914600550964188,0,-29.62683347151596,-19.614908225860756,False,False
1m,F12_taker_fade|bars,0.999306,12,8098,-19.548243554224236,0.2184571201802622,-20.18270849458876,22.308539944903583,0,-29.548243554224236,-19.536971790937663,False,False
1m,F12_taker_fade|bars,0.998611,12,8315,-19.6425075200889,0.2168138711751119,-21.044243051995807,22.90633608815427,0,-29.6425075200889,-19.63327248525776,False,False
1m,F12_taker_fade|bars,0.997222,12,8763,-19.914992342816674,0.21281212856844028,-22.90504843028413,24.140495867768596,0,-29.914992342816667,-19.90873755887251,False,False
1m,F12_taker_fade|clock,0.999653,720,501,-26.258714569694675,0.8078473117961981,-1.7749821348628805,1.3801652892561984,2,-36.25871456969468,-24.388218575920302,False,False
1m,F12_taker_fade|clock,0.999306,720,516,-27.777278177820282,0.7985736288364506,-1.901293270576619,1.421487603305785,2,-37.77727817782028,-26.159516456647367,False,False
1m,F12_taker_fade|clock,0.998611,720,536,-22.846496389624498,0.833852892913391,-1.5578203487224611,1.4765840220385675,2,-32.84649638962449,-21.590733733870767,False,False
1m,F12_taker_fade|clock,0.997222,720,562,-26.374675232613242,0.8141973518287599,-1.7998632961113095,1.5482093663911847,2,-36.374675232613235,-25.249514468422372,False,False
1m,F13_cvd_div|bars,0.999653,12,159,-7.584424282229392,0.7411469633575316,-1.2853776250969235,0.4380165289256198,2,-17.584424282229385,-7.6651232761267485,False,False
1m,F13_cvd_div|bars,0.999306,12,252,-10.13131400223738,0.6624305082988947,-2.20608645687602,0.6942148760330579,2,-20.131314002237374,-10.22478635691477,False,False
1m,F13_cvd_div|bars,0.998611,12,458,-11.155608475628437,0.6495390617820127,-2.8815413096127567,1.2617079889807163,1,-21.15560847562843,-11.184025518814716,False,False
1m,F13_cvd_div|bars,0.997222,12,794,-14.971574222339358,0.5467994728794416,-5.246704748747711,2.18732782369146,1,-24.971574222339356,-14.975950068759664,False,False
1m,F13_cvd_div|clock,0.999653,720,130,-0.8573696770864717,0.9940198527223141,-0.022961281202427616,0.3581267217630854,3,-10.857369677086478,-6.8678395052060734,False,False
1m,F13_cvd_div|clock,0.999306,720,192,-18.299557936260126,0.8767366068327102,-0.6402634835355817,0.5289256198347108,1,-28.299557936260126,-26.04101055434718,False,False
1m,F13_cvd_div|clock,0.998611,720,282,34.319917648073115,1.261457601137414,1.3391092573477474,0.7768595041322314,5,24.319917648073112,30.121075038691508,False,False
1m,F13_cvd_div|clock,0.997222,720,374,-25.74411955716756,0.843584168304049,-1.2006043168979206,1.0303030303030303,1,-35.74411955716757,-25.208218281241855,False,False
1m,F14_flushout|bars,0.999653,12,0,,,,0.0,0,,,False,False
1m,F14_flushout|bars,0.999306,12,0,,,,0.0,0,,,False,False
1m,F14_flushout|bars,0.998611,12,0,,,,0.0,0,,,False,False
1m,F14_flushout|bars,0.997222,12,0,,,,0.0,0,,,False,False
1m,F14_flushout|clock,0.999653,720,0,,,,0.0,0,,,False,False
1m,F14_flushout|clock,0.999306,720,0,,,,0.0,0,,,False,False
1m,F14_flushout|clock,0.998611,720,0,,,,0.0,0,,,False,False
1m,F14_flushout|clock,0.997222,720,0,,,,0.0,0,,,False,False
1m,F15_fund_fade|bars,0.999653,8,27725,-20.26278195725251,0.22812273031060512,-42.46113720348721,76.37741046831955,0,-30.2627819572525,-20.171477431501295,False,False
1m,F15_fund_fade|bars,0.999306,8,27725,-20.26278195725251,0.22812273031060512,-42.46113720348721,76.37741046831955,0,-30.2627819572525,-20.171477431501295,False,False
1m,F15_fund_fade|bars,0.998611,8,27725,-20.26278195725251,0.22812273031060512,-42.46113720348721,76.37741046831955,0,-30.2627819572525,-20.171477431501295,False,False
1m,F15_fund_fade|bars,0.997222,8,27725,-20.26278195725251,0.22812273031060512,-42.46113720348721,76.37741046831955,0,-30.2627819572525,-20.171477431501295,False,False
1m,F15_fund_fade|clock,0.999653,480,519,-31.73895217430591,0.7375465915153003,-2.6714587866407427,1.4297520661157024,0,-41.738952174305915,-25.759231992340997,False,False
1m,F15_fund_fade|clock,0.999306,480,519,-31.73895217430591,0.7375465915153003,-2.6714587866407427,1.4297520661157024,0,-41.738952174305915,-25.759231992340997,False,False
1m,F15_fund_fade|clock,0.998611,480,519,-31.73895217430591,0.7375465915153003,-2.6714587866407427,1.4297520661157024,0,-41.738952174305915,-25.759231992340997,False,False
1m,F15_fund_fade|clock,0.997222,480,519,-31.73895217430591,0.7375465915153003,-2.6714587866407427,1.4297520661157024,0,-41.738952174305915,-25.759231992340997,False,False
1m,F16_fund_follow|bars,0.999653,8,27725,-19.737218042747504,0.23872689809493078,-37.791947619600855,76.37741046831955,0,-29.7372180427475,-19.828522568498705,False,False
1m,F16_fund_follow|bars,0.999306,8,27725,-19.737218042747504,0.23872689809493078,-37.791947619600855,76.37741046831955,0,-29.7372180427475,-19.828522568498705,False,False
1m,F16_fund_follow|bars,0.998611,8,27725,-19.737218042747504,0.23872689809493078,-37.791947619600855,76.37741046831955,0,-29.7372180427475,-19.828522568498705,False,False
1m,F16_fund_follow|bars,0.997222,8,27725,-19.737218042747504,0.23872689809493078,-37.791947619600855,76.37741046831955,0,-29.7372180427475,-19.828522568498705,False,False
1m,F16_fund_follow|clock,0.999653,480,519,-8.261047825694092,0.9242613869718908,-0.6871497237502225,1.4297520661157024,4,-18.261047825694092,-14.240768007659002,False,False
1m,F16_fund_follow|clock,0.999306,480,519,-8.261047825694092,0.9242613869718908,-0.6871497237502225,1.4297520661157024,4,-18.261047825694092,-14.240768007659002,False,False
1m,F16_fund_follow|clock,0.998611,480,519,-8.261047825694092,0.9242613869718908,-0.6871497237502225,1.4297520661157024,4,-18.261047825694092,-14.240768007659002,False,False
1m,F16_fund_follow|clock,0.997222,480,519,-8.261047825694092,0.9242613869718908,-0.6871497237502225,1.4297520661157024,4,-18.261047825694092,-14.240768007659002,False,False
1m,F17_fund3_exh|bars,0.999653,8,19648,-19.65186318195118,0.2371044995148617,-31.992926117841595,54.1267217630854,0,-29.651863181951178,-19.576299906917715,False,False
1m,F17_fund3_exh|bars,0.999306,8,19648,-19.65186318195118,0.2371044995148617,-31.992926117841595,54.1267217630854,0,-29.651863181951178,-19.576299906917715,False,False
1m,F17_fund3_exh|bars,0.998611,8,19648,-19.65186318195118,0.2371044995148617,-31.992926117841595,54.1267217630854,0,-29.651863181951178,-19.576299906917715,False,False
1m,F17_fund3_exh|bars,0.997222,8,19648,-19.65186318195118,0.2371044995148617,-31.992926117841595,54.1267217630854,0,-29.651863181951178,-19.576299906917715,False,False
1m,F17_fund3_exh|clock,0.999653,480,368,-8.656548301193151,0.9195123123003309,-0.6469990139245152,1.0137741046831956,1,-18.65654830119316,-3.82298387100321,False,False
1m,F17_fund3_exh|clock,0.999306,480,368,-8.656548301193151,0.9195123123003309,-0.6469990139245152,1.0137741046831956,1,-18.65654830119316,-3.82298387100321,False,False
1m,F17_fund3_exh|clock,0.998611,480,368,-8.656548301193151,0.9195123123003309,-0.6469990139245152,1.0137741046831956,1,-18.65654830119316,-3.82298387100321,False,False
1m,F17_fund3_exh|clock,0.997222,480,368,-8.656548301193151,0.9195123123003309,-0.6469990139245152,1.0137741046831956,1,-18.65654830119316,-3.82298387100321,False,False
1m,F18_oi_follow|bars,0.999653,12,98,-69.55271995141506,0.4788293288580604,-2.1933945192832898,0.2699724517906336,1,-79.55271995141506,-69.33148769084534,False,False
1m,F18_oi_follow|bars,0.999306,12,179,-60.122923376164245,0.4861999953430512,-3.1679547189796224,0.4931129476584022,0,-70.12292337616424,-59.986390104731065,False,False
1m,F18_oi_follow|bars,0.998611,12,340,-46.91444188977401,0.5400226299761944,-4.375839414224155,0.9366391184573003,0,-56.91444188977401,-46.83244618925967,False,False
1m,F18_oi_follow|bars,0.997222,12,593,-32.01767323167042,0.616945227689175,-5.094477279188867,1.6336088154269972,0,-42.017673231670415,-31.970533743472807,False,False
1m,F18_oi_follow|clock,0.999653,720,58,-0.15043120831009854,0.9992769838436465,-0.002078831905703191,0.15977961432506887,2,-10.150431208310106,12.168874206563892,False,False
1m,F18_oi_follow|clock,0.999306,720,90,-94.14463833633754,0.6216896491526924,-1.7597188033745872,0.24793388429752067,2,-104.14463833633755,-83.90008079797792,False,False
1m,F18_oi_follow|clock,0.998611,720,148,-43.41969807170301,0.8100780672303405,-0.9784234195286494,0.40771349862258954,2,-53.419698071703024,-37.40128843377923,False,False
1m,F18_oi_follow|clock,0.997222,720,216,-34.889101038498936,0.8323727175541784,-0.9517995371823517,0.5950413223140496,3,-44.889101038498936,-31.71642833518192,False,False
1m,F19_oi_flush|bars,0.999653,12,11,-133.1663830109659,0.012085973287308493,-2.552537402464105,0.030303030303030304,1,-143.1663830109659,-133.13486267739327,False,False
1m,F19_oi_flush|bars,0.999306,12,25,-133.79229046225376,0.10954528500287695,-3.2799529717741676,0.06887052341597796,1,-143.79229046225373,-133.90578993813102,False,False
1m,F19_oi_flush|bars,0.998611,12,50,-142.35674575701373,0.03868374881599949,-3.5055878493424024,0.13774104683195593,0,-152.35674575701373,-142.549631059216,False,False
1m,F19_oi_flush|bars,0.997222,12,104,-123.65962202399379,0.12809232885683314,-5.99261175368926,0.2865013774104683,0,-133.65962202399382,-123.85699023693012,False,False
1m,F19_oi_flush|clock,0.999653,720,10,209.7299860048251,2.203010845516274,0.9396182489199771,0.027548209366391185,2,199.72998600482512,207.85269382585415,False,False
1m,F19_oi_flush|clock,0.999306,720,21,172.66454319563093,1.9559045770297916,1.1625977879246585,0.05785123966942149,4,162.66454319563096,162.91719433511494,False,False
1m,F19_oi_flush|clock,0.998611,720,34,-91.52922371279999,0.6432834342786068,-1.0105316738602466,0.09366391184573003,1,-101.5292237128,-103.4076905521267,False,False
1m,F19_oi_flush|clock,0.997222,720,65,-125.0880665410609,0.5308679964188985,-1.8055456187117065,0.1790633608815427,1,-135.0880665410609,-134.37584609536782,False,False
1m,F20_btc_lead|bars,0.999653,4,291,-31.64867210453673,0.38593298427479156,-4.0080334963822155,0.8016528925619835,0,-41.64867210453673,-31.658046960916188,False,False
1m,F20_btc_lead|bars,0.999306,4,519,-24.913107749583435,0.44707834367005417,-5.699035401707716,1.4297520661157024,0,-34.91310774958344,-24.90724994568943,False,False
1m,F20_btc_lead|bars,0.998611,4,944,-20.60092423611651,0.4545812267884418,-6.155876122976738,2.600550964187328,0,-30.600924236116505,-20.599959351385852,False,False
1m,F20_btc_lead|bars,0.997222,4,1821,-21.017080688201293,0.4031585169158129,-9.870507634937217,5.016528925619835,0,-31.017080688201286,-21.02355768427191,False,False
1m,F20_btc_lead|clock,0.999653,240,144,6.057359543681771,1.051329032457716,0.19854916166740388,0.39669421487603307,4,-3.9426404563182267,4.977102811942249,False,False
1m,F20_btc_lead|clock,0.999306,240,214,1.5129421740081894,1.012840089334935,0.06715573323670757,0.5895316804407713,3,-8.487057825991817,2.815424237442296,False,False
1m,F20_btc_lead|clock,0.998611,240,327,1.1441870689453773,1.0097164335368987,0.058612393539046126,0.9008264462809917,2,-8.855812931054622,1.8221985116951842,False,False
1m,F20_btc_lead|clock,0.997222,240,484,-11.52513638618714,0.8977153565345881,-0.7903680767281356,1.3333333333333333,1,-21.525136386187143,-11.266570597120364,False,False
1m,F21_rs_follow|bars,0.999653,12,74,-62.90169701939932,0.3846505373438611,-3.963894658129925,0.20385674931129477,0,-72.90169701939932,-63.00130833793438,False,False
1m,F21_rs_follow|bars,0.999306,12,133,-46.48831877294975,0.458287464594312,-3.3827526792401907,0.36639118457300274,0,-56.488318772949725,-46.52918548471796,False,False
1m,F21_rs_follow|bars,0.998611,12,236,-36.59955383007128,0.5136217235353417,-4.0752099268732405,0.650137741046832,0,-46.59955383007127,-36.70713249387163,False,False
1m,F21_rs_follow|bars,0.997222,12,464,-38.01153396607803,0.4490350851921354,-7.410359498132206,1.278236914600551,0,-48.01153396607803,-38.09384671136637,False,False
1m,F21_rs_follow|clock,0.999653,720,35,7.461208286918916,1.02916259128543,0.06484070925701003,0.09641873278236915,3,-2.5387917130810926,2.4083966413799276,False,False
1m,F21_rs_follow|clock,0.999306,720,50,32.677703699269735,1.1594829496355241,0.38865579364433256,0.13774104683195593,3,22.677703699269728,30.93975758996949,False,False
1m,F21_rs_follow|clock,0.998611,720,80,-30.11360850756872,0.8683689964769549,-0.4687808425752342,0.22038567493112948,3,-40.11360850756872,-36.78906379975792,False,False
1m,F21_rs_follow|clock,0.997222,720,140,-77.79710512778173,0.6841373380625932,-1.5920201787359651,0.3856749311294766,2,-87.79710512778173,-80.91424172196554,False,False
1m,F22_rs_fade|bars,0.999653,12,74,22.9016970193993,1.4101291405940366,1.2906345756232878,0.20385674931129477,4,12.901697019399306,23.00130833793437,False,False
1m,F22_rs_fade|bars,0.999306,12,133,6.4883187729497145,1.116551332810006,0.41229367105039044,0.36639118457300274,4,-3.511681227050274,6.52918548471794,False,False
1m,F22_rs_fade|bars,0.998611,12,236,-3.4004461699287436,0.9392777605109942,-0.31685333950177114,0.650137741046832,3,-13.400446169928738,-3.2928675061283847,False,False
1m,F22_rs_fade|bars,0.997222,12,464,-1.9884660339219922,0.9582865195150986,-0.32510917490574204,1.278236914600551,2,-11.988466033921988,-1.906153288633643,False,False
1m,F22_rs_fade|clock,0.999653,720,35,-47.46120828691894,0.8321373717908928,-0.4116816899866231,0.09641873278236915,3,-57.46120828691895,-42.40839664137995,False,False
1m,F22_rs_fade|clock,0.999306,720,50,-72.67770369926976,0.7187128583546524,-0.8583833159998194,0.13774104683195593,3,-82.67770369926976,-70.9397575899695,False,False
1m,F22_rs_fade|clock,0.998611,720,80,-9.88639149243129,0.9542800389460249,-0.1533446917405084,0.22038567493112948,3,-19.886391492431294,-3.2109362002421054,False,False
1m,F22_rs_fade|clock,0.997222,720,140,37.797105127781705,1.2037389613362453,0.770624882802013,0.3856749311294766,4,27.797105127781702,40.9142417219655,False,False
1m,F23_atr_break|bars,0.999653,12,118,-58.898567786492855,0.30162526342517965,-4.218892458519691,0.325068870523416,0,-68.89856778649285,-58.96605671875223,False,False
1m,F23_atr_break|bars,0.999306,12,202,-36.58003804840141,0.44975401916905183,-3.6614380983819426,0.5564738292011019,0,-46.580038048401406,-36.708344234855225,False,False
1m,F23_atr_break|bars,0.998611,12,360,-37.823801463046756,0.37808915536288934,-6.005369496957637,0.9917355371900827,1,-47.82380146304675,-37.84539920406771,False,False
1m,F23_atr_break|bars,0.997222,12,640,-28.181535576779265,0.44206676435355,-6.195219922977029,1.7630853994490359,0,-38.18153557677925,-28.187706471076748,False,False
1m,F23_atr_break|clock,0.999653,720,95,-63.50443794857872,0.6986893577368178,-1.231926351445216,0.26170798898071623,1,-73.50443794857873,-67.14466076221471,False,False
1m,F23_atr_break|clock,0.999306,720,145,-18.918933986372547,0.8878178561536059,-0.5034806708722585,0.39944903581267216,3,-28.918933986372554,-28.150311119597852,False,False
1m,F23_atr_break|clock,0.998611,720,223,-50.772738780262344,0.7244761137583975,-1.7149159898606092,0.6143250688705234,2,-60.77273878026234,-54.28905929308208,False,False
1m,F23_atr_break|clock,0.997222,720,323,-14.294826047200655,0.9121276056638447,-0.5625648370562253,0.8898071625344353,2,-24.29482604720065,-13.851396775208764,False,False
1m,F24_trend_pullback|bars,0.999653,12,57,-15.789726768361028,0.3831004589476828,-2.63450173634795,0.15702479338842976,0,-25.789726768361028,-15.756993964753683,False,False
1m,F24_trend_pullback|bars,0.999306,12,103,-17.378052544789483,0.41529304385598637,-3.0389457334846255,0.2837465564738292,0,-27.378052544789472,-17.40198835336731,False,False
1m,F24_trend_pullback|bars,0.998611,12,202,-16.89327638244175,0.4143146354867461,-3.9656640722992855,0.5564738292011019,0,-26.893276382441744,-16.88458980630783,False,False
1m,F24_trend_pullback|bars,0.997222,12,389,-17.640469100977825,0.4059347641007736,-5.677720265164655,1.0716253443526171,0,-27.640469100977825,-17.649615727393414,False,False
1m,F24_trend_pullback|clock,0.999653,720,52,-38.44412430279133,0.7761561338738847,-0.7183715416911683,0.14325068870523416,2,-48.44412430279134,-33.423832456065014,False,False
1m,F24_trend_pullback|clock,0.999306,720,85,-39.64903981615422,0.7643801754400139,-1.017199082656239,0.23415977961432508,2,-49.64903981615422,-36.7144700124377,False,False
1m,F24_trend_pullback|clock,0.998611,720,154,-34.39454265021211,0.8043066488287748,-0.98880570187799,0.42424242424242425,2,-44.3945426502121,-30.834291488157103,False,False
1m,F24_trend_pullback|clock,0.997222,720,244,-1.7051274446285127,0.9880805495709906,-0.06775170931833127,0.6721763085399449,3,-11.705127444628511,-2.875316778446939,False,False
1m,F25_basis_fade|bars,0.999653,8,200,-8.908395786269649,0.8149794674450993,-0.75791408065152,0.5509641873278237,3,-18.908395786269644,-8.863281739165393,False,False
1m,F25_basis_fade|bars,0.999306,8,366,-11.032045193481201,0.7430963625863588,-1.472817779615986,1.0082644628099173,2,-21.032045193481196,-11.009845430575835,False,False
1m,F25_basis_fade|bars,0.998611,8,696,-11.884999069164436,0.7065821409047452,-2.840037688169664,1.9173553719008265,2,-21.884999069164426,-11.864671029332627,False,False
1m,F25_basis_fade|bars,0.997222,8,1289,-15.06263936804169,0.5977077364894126,-5.563916365565815,3.5509641873278235,0,-25.06263936804168,-15.048611764940365,False,False
1m,F25_basis_fade|clock,0.999653,480,111,66.00630808281535,1.5209803027060946,1.6029658656143952,0.30578512396694213,6,56.006308082815345,69.16194345270853,False,False
1m,F25_basis_fade|clock,0.999306,480,175,29.791184544890154,1.2122702160663987,0.9097760148971918,0.4820936639118457,5,19.791184544890143,31.986405240324128,False,False
1m,F25_basis_fade|clock,0.998611,480,284,-25.695855848578947,0.8305389784418583,-1.0855486912250647,0.7823691460055097,2,-35.69585584857896,-22.246814408146722,False,False
1m,F25_basis_fade|clock,0.997222,480,414,3.0794969925971807,1.0230569316031686,0.1756520327516924,1.140495867768595,4,-6.920503007402817,4.334665427582044,False,False
1m,F26_count_follow|bars,0.999653,12,357,-28.21576446577555,0.3753737126088526,-5.850148126605601,0.9834710743801653,0,-38.21576446577555,-28.235158784166426,False,False
1m,F26_count_follow|bars,0.999306,12,693,-25.759329547161137,0.4017775776940504,-7.2560758619507375,1.9090909090909092,0,-35.75932954716114,-25.77328337740778,False,False
1m,F26_count_follow|bars,0.998611,12,1279,-24.35707830703791,0.39842677310188307,-10.340630601209067,3.5234159779614327,0,-34.3570783070379,-24.367585047149632,False,False
1m,F26_count_follow|bars,0.997222,12,2306,-22.3509730596175,0.3987206746136509,-14.607660738362334,6.352617079889807,0,-32.350973059617495,-22.36961073195156,False,False
1m,F26_count_follow|clock,0.999653,720,232,-8.053336545204022,0.9443327803785382,-0.3116246219069163,0.6391184573002755,3,-18.053336545204026,-9.080885665914069,False,False
1m,F26_count_follow|clock,0.999306,720,333,2.7154457192677044,1.0190057913926227,0.12311386548559392,0.9173553719008265,2,-7.284554280732296,2.203474915544294,False,False
1m,F26_count_follow|clock,0.998611,720,446,-34.764975241253474,0.7897284934265365,-1.7753577623283023,1.2286501377410468,2,-44.764975241253474,-34.27080868661576,False,False
1m,F26_count_follow|clock,0.997222,720,536,-11.531822155260983,0.9253201723008352,-0.6293213566866983,1.4765840220385675,2,-21.531822155260983,-15.585315977662017,False,False
1m,F27_toptrader_follow|bars,0.999653,12,45,-4.579392729193863,0.9287054628879831,-0.1646490414117284,0.12396694214876033,2,-14.579392729193854,-4.614702161898144,False,False
1m,F27_toptrader_follow|bars,0.999306,12,103,-24.005949912252813,0.6530014119713525,-1.0962098488823815,0.2837465564738292,1,-34.0059499122528,-24.013286428565465,False,False
1m,F27_toptrader_follow|bars,0.998611,12,216,0.0427263012812425,1.0008489665285527,0.0031668959007421682,0.5950413223140496,3,-9.957273698718755,0.04872710540775841,False,False
1m,F27_toptrader_follow|bars,0.997222,12,455,-7.810295409770517,0.8302115246792647,-1.005814050733056,1.2534435261707988,2,-17.810295409770514,-7.83405128343107,False,False
1m,F27_toptrader_follow|clock,0.999653,720,32,107.87903333040255,1.6731849767595157,1.0983639346645566,0.0881542699724518,4,97.87903333040256,88.81648217346087,False,False
1m,F27_toptrader_follow|clock,0.999306,720,70,119.65137481557456,1.8914322348201713,1.8683411482592036,0.1928374655647383,5,109.65137481557456,109.81626117612159,False,False
1m,F27_toptrader_follow|clock,0.998611,720,128,105.45900420076754,1.9284641102576938,2.7207851844592112,0.3526170798898072,5,95.45900420076754,100.05814238526777,False,False
1m,F27_toptrader_follow|clock,0.997222,720,195,68.91050306587543,1.5301065978653443,2.133795274503483,0.5371900826446281,4,58.91050306587544,63.84977447450091,True,False
1m,F28_crowd_fade|bars,0.999653,12,87,-13.103186916761688,0.6826713084658137,-1.691612853442054,0.2396694214876033,2,-23.103186916761683,-13.266334236747579,False,False
1m,F28_crowd_fade|bars,0.999306,12,138,-14.574310137338786,0.6211728815444362,-2.8234195898593883,0.38016528925619836,0,-24.574310137338777,-14.747688426821789,False,False
1m,F28_crowd_fade|bars,0.998611,12,185,-17.04183246342624,0.5553998364954431,-2.7772885130600566,0.509641873278237,0,-27.041832463426235,-17.221417895001466,False,False
1m,F28_crowd_fade|bars,0.997222,12,307,-14.17591847917803,0.6177396455305327,-3.6405756406007375,0.8457300275482094,1,-24.175918479178026,-14.372175243848533,False,False
1m,F28_crowd_fade|clock,0.999653,720,13,77.95097317298213,1.9540840994634616,0.9269882347759199,0.03581267217630854,5,67.95097317298212,67.70192491312862,False,False
1m,F28_crowd_fade|clock,0.999306,720,16,48.39568801048035,1.5034150188682205,0.6424984432346399,0.0440771349862259,4,38.395688010480356,39.43352744120811,False,False
1m,F28_crowd_fade|clock,0.998611,720,20,28.114975925547853,1.23884638684977,0.3618297736461737,0.05509641873278237,5,18.11497592554785,20.17322783542979,False,False
1m,F28_crowd_fade|clock,0.997222,720,25,28.570704379520325,1.223531014878141,0.377269356092266,0.06887052341597796,4,18.57070437952033,16.090067840647347,False,False
