pair,issues,first,last,rows,gaps,max_gap,funding_first,funding_unmatched_by_mark,mark_missing_hours
1000000MOG_USDT_USDT,,2025-01-01 00:00:00+00:00,2026-08-31 23:55:00+00:00,175104,0,0 days 00:05:00,2025-01-01 00:00:00+00:00,0,0
1000BONK_USDT_USDT,,2025-01-01 00:00:00+00:00,2026-08-31 23:55:00+00:00,175104,0,0 days 00:05:00,2025-01-01 00:00:00+00:00,0,0
1000CAT_USDT_USDT,,2025-01-01 00:00:00+00:00,2026-08-31 23:55:00+00:00,175104,0,0 days 00:05:00,2025-01-01 00:00:00+00:00,0,0
1000FLOKI_USDT_USDT,,2025-01-01 00:00:00+00:00,2026-08-31 23:55:00+00:00,175104,0,0 days 00:05:00,2025-01-01 00:00:00+00:00,0,0
1000PEPE_USDT_USDT,,2025-01-01 00:00:00+00:00,2026-08-31 23:55:00+00:00,175104,0,0 days 00:05:00,2025-01-01 00:00:00+00:00,0,0
1000SATS_USDT_USDT,,2025-01-01 00:00:00+00:00,2026-08-31 23:55:00+00:00,175104,0,0 days 00:05:00,2025-01-01 00:00:00+00:00,0,0
1000SHIB_USDT_USDT,,2025-01-01 00:00:00+00:00,2026-08-31 23:55:00+00:00,175104,0,0 days 00:05:00,2025-01-01 00:00:00+00:00,0,0
1MBABYDOGE_USDT_USDT,,2025-01-01 00:00:00+00:00,2026-08-31 23:55:00+00:00,175104,0,0 days 00:05:00,2025-01-01 00:00:00+00:00,0,0
AAVE_USDT_USDT,,2025-01-01 00:00:00+00:00,2026-08-31 23:55:00+00:00,175104,0,0 days 00:05:00,2025-01-01 00:00:00+00:00,0,0
ACH_USDT_USDT,,2025-01-01 00:00:00+00:00,2026-08-31 23:55:00+00:00,175104,0,0 days 00:05:00,2025-01-01 00:00:00+00:00,0,0
ACT_USDT_USDT,,2025-01-01 00:00:00+00:00,2026-08-31 23:55:00+00:00,175104,0,0 days 00:05:00,2025-01-01 00:00:00+00:00,0,0
ADA_USDT_USDT,,2025-01-01 00:00:00+00:00,2026-08-31 23:55:00+00:00,175104,0,0 days 00:05:00,2025-01-01 00:00:00+00:00,0,0
AERO_USDT_USDT,,2025-01-01 00:00:00+00:00,2026-08-31 23:55:00+00:00,175104,0,0 days 00:05:00,2025-01-01 00:00:00+00:00,0,0
AI16Z_USDT_USDT,,2025-01-02 13:45:00+00:00,2026-08-31 23:55:00+00:00,174651,0,0 days 00:05:00,2025-01-02 16:00:00+00:00,0,0
AIXBT_USDT_USDT,,2025-01-01 00:00:00+00:00,2026-08-31 23:55:00+00:00,175104,0,0 days 00:05:00,2025-01-01 00:00:00+00:00,0,0
ALCH_USDT_USDT,,2025-01-07 11:45:00+00:00,2026-08-31 23:55:00+00:00,173235,0,0 days 00:05:00,2025-01-07 12:00:00+00:00,0,0
ALGO_USDT_USDT,,2025-01-01 00:00:00+00:00,2026-08-31 23:55:00+00:00,175104,0,0 days 00:05:00,2025-01-01 00:00:00+00:00,0,0
ALT_USDT_USDT,,2025-01-01 00:00:00+00:00,2026-08-31 23:55:00+00:00,175104,0,0 days 00:05:00,2025-01-01 00:00:00+00:00,0,0
ANIME_USDT_USDT,,2025-01-23 17:00:00+00:00,2026-08-31 23:55:00+00:00,168564,0,0 days 00:05:00,2025-01-23 20:00:00+00:00,0,0
APE_USDT_USDT,,2025-01-01 00:00:00+00:00,2026-08-31 23:55:00+00:00,175104,0,0 days 00:05:00,2025-01-01 00:00:00+00:00,0,0
API3_USDT_USDT,,2025-01-01 00:00:00+00:00,2026-08-31 23:55:00+00:00,175104,0,0 days 00:05:00,2025-01-01 00:00:00+00:00,0,0
APT_USDT_USDT,,2025-01-01 00:00:00+00:00,2026-08-31 23:55:00+00:00,175104,0,0 days 00:05:00,2025-01-01 00:00:00+00:00,0,0
ARB_USDT_USDT,,2025-01-01 00:00:00+00:00,2026-08-31 23:55:00+00:00,175104,0,0 days 00:05:00,2025-01-01 00:00:00+00:00,0,0
ARC_USDT_USDT,,2025-01-17 13:00:00+00:00,2026-08-31 23:55:00+00:00,170340,0,0 days 00:05:00,2025-01-17 16:00:00+00:00,0,0
ARKM_USDT_USDT,,2025-01-01 00:00:00+00:00,2026-08-31 23:55:00+00:00,175104,0,0 days 00:05:00,2025-01-01 00:00:00+00:00,0,0
AR_USDT_USDT,,2025-01-01 00:00:00+00:00,2026-08-31 23:55:00+00:00,175104,0,0 days 00:05:00,2025-01-01 00:00:00+00:00,0,0
ATOM_USDT_USDT,,2025-01-01 00:00:00+00:00,2026-08-31 23:55:00+00:00,175104,0,0 days 00:05:00,2025-01-01 00:00:00+00:00,0,0
AUCTION_USDT_USDT,,2025-01-01 00:00:00+00:00,2026-08-31 23:55:00+00:00,175104,0,0 days 00:05:00,2025-01-01 00:00:00+00:00,0,0
AVAAI_USDT_USDT,,2025-01-17 13:15:00+00:00,2026-08-31 23:55:00+00:00,170337,0,0 days 00:05:00,2025-01-17 16:00:00+00:00,0,0
AVAX_USDT_USDT,,2025-01-01 00:00:00+00:00,2026-08-31 23:55:00+00:00,175104,0,0 days 00:05:00,2025-01-01 00:00:00+00:00,0,0
AXS_USDT_USDT,,2025-01-01 00:00:00+00:00,2026-08-31 23:55:00+00:00,175104,0,0 days 00:05:00,2025-01-01 00:00:00+00:00,0,0
BANANA_USDT_USDT,,2025-01-01 00:00:00+00:00,2026-08-31 23:55:00+00:00,175104,0,0 days 00:05:00,2025-01-01 00:00:00+00:00,0,0
BB_USDT_USDT,,2025-01-01 00:00:00+00:00,2026-08-31 23:55:00+00:00,175104,0,0 days 00:05:00,2025-01-01 00:00:00+00:00,0,0
BCH_USDT_USDT,,2025-01-01 00:00:00+00:00,2026-08-31 23:55:00+00:00,175104,0,0 days 00:05:00,2025-01-01 00:00:00+00:00,0,0
BIGTIME_USDT_USDT,,2025-01-01 00:00:00+00:00,2026-08-31 23:55:00+00:00,175104,0,0 days 00:05:00,2025-01-01 00:00:00+00:00,0,0
BIO_USDT_USDT,,2025-01-03 12:15:00+00:00,2026-08-31 23:55:00+00:00,174381,0,0 days 00:05:00,2025-01-03 16:00:00+00:00,0,0
BNB_USDT_USDT,,2025-01-01 00:00:00+00:00,2026-08-31 23:55:00+00:00,175104,0,0 days 00:05:00,2025-01-01 00:00:00+00:00,0,0
BOME_USDT_USDT,,2025-01-01 00:00:00+00:00,2026-08-31 23:55:00+00:00,175104,0,0 days 00:05:00,2025-01-01 00:00:00+00:00,0,0
BRETT_USDT_USDT,,2025-01-01 00:00:00+00:00,2026-08-31 23:55:00+00:00,175104,0,0 days 00:05:00,2025-01-01 00:00:00+00:00,0,0
BTCDOM_USDT_USDT,,2025-01-01 00:00:00+00:00,2026-08-31 23:55:00+00:00,175104,0,0 days 00:05:00,2025-01-01 00:00:00+00:00,0,0
BTC_USDT_USDT,,2025-01-01 00:00:00+00:00,2026-08-31 23:55:00+00:00,175104,0,0 days 00:05:00,2025-01-01 00:00:00+00:00,0,0
CAKE_USDT_USDT,,2025-01-01 00:00:00+00:00,2026-08-31 23:55:00+00:00,175104,0,0 days 00:05:00,2025-01-01 00:00:00+00:00,0,0
CELO_USDT_USDT,,2025-01-01 00:00:00+00:00,2026-08-31 23:55:00+00:00,175104,0,0 days 00:05:00,2025-01-01 00:00:00+00:00,0,0
CETUS_USDT_USDT,,2025-01-01 00:00:00+00:00,2026-08-31 23:55:00+00:00,175104,0,0 days 00:05:00,2025-01-01 00:00:00+00:00,0,0
CFX_USDT_USDT,,2025-01-01 00:00:00+00:00,2026-08-31 23:55:00+00:00,175104,0,0 days 00:05:00,2025-01-01 00:00:00+00:00,0,0
CHILLGUY_USDT_USDT,,2025-01-01 00:00:00+00:00,2026-08-31 23:55:00+00:00,175104,0,0 days 00:05:00,2025-01-01 00:00:00+00:00,0,0
CHZ_USDT_USDT,,2025-01-01 00:00:00+00:00,2026-08-31 23:55:00+00:00,175104,0,0 days 00:05:00,2025-01-01 00:00:00+00:00,0,0
COMP_USDT_USDT,,2025-01-01 00:00:00+00:00,2026-08-31 23:55:00+00:00,175104,0,0 days 00:05:00,2025-01-01 00:00:00+00:00,0,0
COOKIE_USDT_USDT,,2025-01-07 11:30:00+00:00,2026-08-31 23:55:00+00:00,173238,0,0 days 00:05:00,2025-01-07 12:00:00+00:00,0,0
COW_USDT_USDT,,2025-01-01 00:00:00+00:00,2026-08-31 23:55:00+00:00,175104,0,0 days 00:05:00,2025-01-01 00:00:00+00:00,0,0
CRV_USDT_USDT,,2025-01-01 00:00:00+00:00,2026-08-31 23:55:00+00:00,175104,0,0 days 00:05:00,2025-01-01 00:00:00+00:00,0,0
DOGE_USDT_USDT,,2025-01-01 00:00:00+00:00,2026-08-31 23:55:00+00:00,175104,0,0 days 00:05:00,2025-01-01 00:00:00+00:00,0,0
DOGS_USDT_USDT,,2025-01-01 00:00:00+00:00,2026-08-31 23:55:00+00:00,175104,0,0 days 00:05:00,2025-01-01 00:00:00+00:00,0,0
DOT_USDT_USDT,,2025-01-01 00:00:00+00:00,2026-08-31 23:55:00+00:00,175104,0,0 days 00:05:00,2025-01-01 00:00:00+00:00,0,0
DYDX_USDT_USDT,,2025-01-01 00:00:00+00:00,2026-08-31 23:55:00+00:00,175104,0,0 days 00:05:00,2025-01-01 00:00:00+00:00,0,0
EIGEN_USDT_USDT,,2025-01-01 00:00:00+00:00,2026-08-31 23:55:00+00:00,175104,0,0 days 00:05:00,2025-01-01 00:00:00+00:00,0,0
ENA_USDT_USDT,,2025-01-01 00:00:00+00:00,2026-08-31 23:55:00+00:00,175104,0,0 days 00:05:00,2025-01-01 00:00:00+00:00,0,0
ENS_USDT_USDT,,2025-01-01 00:00:00+00:00,2026-08-31 23:55:00+00:00,175104,0,0 days 00:05:00,2025-01-01 00:00:00+00:00,0,0
ETC_USDT_USDT,,2025-01-01 00:00:00+00:00,2026-08-31 23:55:00+00:00,175104,0,0 days 00:05:00,2025-01-01 00:00:00+00:00,0,0
ETHFI_USDT_USDT,,2025-01-01 00:00:00+00:00,2026-08-31 23:55:00+00:00,175104,0,0 days 00:05:00,2025-01-01 00:00:00+00:00,0,0
ETH_USDT_USDT,,2025-01-01 00:00:00+00:00,2026-08-31 23:55:00+00:00,174816,1,1 days 00:05:00,2025-01-01 00:00:00+00:00,0,0
FARTCOIN_USDT_USDT,,2025-01-01 00:00:00+00:00,2026-08-31 23:55:00+00:00,175104,0,0 days 00:05:00,2025-01-01 00:00:00+00:00,0,0
FET_USDT_USDT,,2025-01-01 00:00:00+00:00,2026-08-31 23:55:00+00:00,175104,0,0 days 00:05:00,2025-01-01 00:00:00+00:00,0,0
FIL_USDT_USDT,,2025-01-01 00:00:00+00:00,2026-08-31 23:55:00+00:00,175104,0,0 days 00:05:00,2025-01-01 00:00:00+00:00,0,0
FLOW_USDT_USDT,,2025-01-01 00:00:00+00:00,2026-08-31 23:55:00+00:00,175104,0,0 days 00:05:00,2025-01-01 00:00:00+00:00,0,0
GALA_USDT_USDT,,2025-01-01 00:00:00+00:00,2026-08-31 23:55:00+00:00,175104,0,0 days 00:05:00,2025-01-01 00:00:00+00:00,0,0
GMT_USDT_USDT,,2025-01-01 00:00:00+00:00,2026-08-30 23:55:00+00:00,174816,0,0 days 00:05:00,2025-01-01 00:00:00+00:00,0,0
GOAT_USDT_USDT,,2025-01-01 00:00:00+00:00,2026-08-31 23:55:00+00:00,175104,0,0 days 00:05:00,2025-01-01 00:00:00+00:00,0,0
GRASS_USDT_USDT,,2025-01-01 00:00:00+00:00,2026-08-31 23:55:00+00:00,175104,0,0 days 00:05:00,2025-01-01 00:00:00+00:00,0,0
GRIFFAIN_USDT_USDT,,2025-01-02 13:30:00+00:00,2026-08-31 23:55:00+00:00,174654,0,0 days 00:05:00,2025-01-02 16:00:00+00:00,0,0
GRT_USDT_USDT,,2025-01-01 00:00:00+00:00,2026-08-31 23:55:00+00:00,175104,0,0 days 00:05:00,2025-01-01 00:00:00+00:00,0,0
HBAR_USDT_USDT,,2025-01-01 00:00:00+00:00,2026-08-31 23:55:00+00:00,175104,0,0 days 00:05:00,2025-01-01 00:00:00+00:00,0,0
ICP_USDT_USDT,,2025-01-01 00:00:00+00:00,2026-08-31 23:55:00+00:00,175104,0,0 days 00:05:00,2025-01-01 00:00:00+00:00,0,0
IMX_USDT_USDT,,2025-01-01 00:00:00+00:00,2026-08-31 23:55:00+00:00,175104,0,0 days 00:05:00,2025-01-01 00:00:00+00:00,0,0
INJ_USDT_USDT,,2025-01-01 00:00:00+00:00,2026-08-31 23:55:00+00:00,175104,0,0 days 00:05:00,2025-01-01 00:00:00+00:00,0,0
IOTA_USDT_USDT,,2025-01-01 00:00:00+00:00,2026-08-31 23:55:00+00:00,175104,0,0 days 00:05:00,2025-01-01 00:00:00+00:00,0,0
IO_USDT_USDT,,2025-01-01 00:00:00+00:00,2026-08-31 23:55:00+00:00,175104,0,0 days 00:05:00,2025-01-01 00:00:00+00:00,0,0
JASMY_USDT_USDT,,2025-01-01 00:00:00+00:00,2026-08-31 23:55:00+00:00,175104,0,0 days 00:05:00,2025-01-01 00:00:00+00:00,0,0
JTO_USDT_USDT,,2025-01-01 00:00:00+00:00,2026-08-31 23:55:00+00:00,175104,0,0 days 00:05:00,2025-01-01 00:00:00+00:00,0,0
JUP_USDT_USDT,,2025-01-01 00:00:00+00:00,2026-08-31 23:55:00+00:00,175104,0,0 days 00:05:00,2025-01-01 00:00:00+00:00,0,0
KAS_USDT_USDT,,2025-01-01 00:00:00+00:00,2026-08-31 23:55:00+00:00,175104,0,0 days 00:05:00,2025-01-01 00:00:00+00:00,0,0
KAVA_USDT_USDT,,2025-01-01 00:00:00+00:00,2026-08-31 23:55:00+00:00,175104,0,0 days 00:05:00,2025-01-01 00:00:00+00:00,0,0
LDO_USDT_USDT,,2025-01-01 00:00:00+00:00,2026-08-31 23:55:00+00:00,175104,0,0 days 00:05:00,2025-01-01 00:00:00+00:00,0,0
LINK_USDT_USDT,,2025-01-01 00:00:00+00:00,2026-08-31 23:55:00+00:00,175104,0,0 days 00:05:00,2025-01-01 00:00:00+00:00,0,0
LISTA_USDT_USDT,,2025-01-01 00:00:00+00:00,2026-08-31 23:55:00+00:00,175104,0,0 days 00:05:00,2025-01-01 00:00:00+00:00,0,0
LPT_USDT_USDT,,2025-01-01 00:00:00+00:00,2026-08-31 23:55:00+00:00,175104,0,0 days 00:05:00,2025-01-01 00:00:00+00:00,0,0
LTC_USDT_USDT,,2025-01-01 00:00:00+00:00,2026-08-31 23:55:00+00:00,175104,0,0 days 00:05:00,2025-01-01 00:00:00+00:00,0,0
MAGIC_USDT_USDT,,2025-01-01 00:00:00+00:00,2026-08-31 23:55:00+00:00,175104,0,0 days 00:05:00,2025-01-01 00:00:00+00:00,0,0
MANA_USDT_USDT,,2025-01-01 00:00:00+00:00,2026-08-31 23:55:00+00:00,175104,0,0 days 00:05:00,2025-01-01 00:00:00+00:00,0,0
MANTA_USDT_USDT,,2025-01-01 00:00:00+00:00,2026-08-31 23:55:00+00:00,175104,0,0 days 00:05:00,2025-01-01 00:00:00+00:00,0,0
MASK_USDT_USDT,,2025-01-01 00:00:00+00:00,2026-08-31 23:55:00+00:00,175104,0,0 days 00:05:00,2025-01-01 00:00:00+00:00,0,0
MELANIA_USDT_USDT,,2025-01-20 09:30:00+00:00,2026-08-31 23:55:00+00:00,169518,0,0 days 00:05:00,2025-01-20 12:00:00+00:00,0,0
MEME_USDT_USDT,,2025-01-01 00:00:00+00:00,2026-08-31 23:55:00+00:00,175104,0,0 days 00:05:00,2025-01-01 00:00:00+00:00,0,0
MEW_USDT_USDT,,2025-01-01 00:00:00+00:00,2026-08-31 23:55:00+00:00,175104,0,0 days 00:05:00,2025-01-01 00:00:00+00:00,0,0
ME_USDT_USDT,,2025-01-01 00:00:00+00:00,2026-08-31 23:55:00+00:00,175104,0,0 days 00:05:00,2025-01-01 00:00:00+00:00,0,0
MKR_USDT_USDT,,2025-01-01 00:00:00+00:00,2026-08-31 23:55:00+00:00,175104,0,0 days 00:05:00,2025-01-01 00:00:00+00:00,0,0
MOODENG_USDT_USDT,,2025-01-01 00:00:00+00:00,2026-08-31 23:55:00+00:00,175104,0,0 days 00:05:00,2025-01-01 00:00:00+00:00,0,0
MOVE_USDT_USDT,,2025-01-01 00:00:00+00:00,2026-08-31 23:55:00+00:00,175104,0,0 days 00:05:00,2025-01-01 00:00:00+00:00,0,0
NEAR_USDT_USDT,,2025-01-01 00:00:00+00:00,2026-08-31 23:55:00+00:00,175104,0,0 days 00:05:00,2025-01-01 00:00:00+00:00,0,0
NEIROETH_USDT_USDT,,2025-01-01 00:00:00+00:00,2026-08-31 23:55:00+00:00,175104,0,0 days 00:05:00,2025-01-01 00:00:00+00:00,0,0
NEIRO_USDT_USDT,,2025-01-01 00:00:00+00:00,2026-08-31 23:55:00+00:00,175104,0,0 days 00:05:00,2025-01-01 00:00:00+00:00,0,0
NEO_USDT_USDT,,2025-01-01 00:00:00+00:00,2026-08-31 23:55:00+00:00,175104,0,0 days 00:05:00,2025-01-01 00:00:00+00:00,0,0
NOT_USDT_USDT,,2025-01-01 00:00:00+00:00,2026-08-31 23:55:00+00:00,175104,0,0 days 00:05:00,2025-01-01 00:00:00+00:00,0,0
OMNI_USDT_USDT,,2025-01-01 00:00:00+00:00,2026-08-31 23:55:00+00:00,175104,0,0 days 00:05:00,2025-01-01 00:00:00+00:00,0,0
OM_USDT_USDT,,2025-01-01 00:00:00+00:00,2026-08-31 23:55:00+00:00,175104,0,0 days 00:05:00,2025-01-01 00:00:00+00:00,0,0
ONDO_USDT_USDT,,2025-01-01 00:00:00+00:00,2026-08-31 23:55:00+00:00,175104,0,0 days 00:05:00,2025-01-01 00:00:00+00:00,0,0
OP_USDT_USDT,,2025-01-01 00:00:00+00:00,2026-08-31 23:55:00+00:00,175104,0,0 days 00:05:00,2025-01-01 00:00:00+00:00,0,0
ORDI_USDT_USDT,,2025-01-01 00:00:00+00:00,2026-08-31 23:55:00+00:00,175104,0,0 days 00:05:00,2025-01-01 00:00:00+00:00,0,0
PENDLE_USDT_USDT,,2025-01-01 00:00:00+00:00,2026-08-31 23:55:00+00:00,175104,0,0 days 00:05:00,2025-01-01 00:00:00+00:00,0,0
PENGU_USDT_USDT,,2025-01-01 00:00:00+00:00,2026-08-31 23:55:00+00:00,175104,0,0 days 00:05:00,2025-01-01 00:00:00+00:00,0,0
PEOPLE_USDT_USDT,,2025-01-01 00:00:00+00:00,2026-08-31 23:55:00+00:00,175104,0,0 days 00:05:00,2025-01-01 00:00:00+00:00,0,0
PNUT_USDT_USDT,,2025-01-01 00:00:00+00:00,2026-08-31 23:55:00+00:00,175104,0,0 days 00:05:00,2025-01-01 00:00:00+00:00,0,0
POL_USDT_USDT,,2025-01-01 00:00:00+00:00,2026-08-31 23:55:00+00:00,175104,0,0 days 00:05:00,2025-01-01 00:00:00+00:00,0,0
POPCAT_USDT_USDT,,2025-01-01 00:00:00+00:00,2026-08-31 23:55:00+00:00,175104,0,0 days 00:05:00,2025-01-01 00:00:00+00:00,0,0
PYTH_USDT_USDT,,2025-01-01 00:00:00+00:00,2026-08-31 23:55:00+00:00,175104,0,0 days 00:05:00,2025-01-01 00:00:00+00:00,0,0
RAYSOL_USDT_USDT,,2025-01-01 00:00:00+00:00,2026-08-31 23:55:00+00:00,175104,0,0 days 00:05:00,2025-01-01 00:00:00+00:00,0,0
RENDER_USDT_USDT,,2025-01-01 00:00:00+00:00,2026-08-31 23:55:00+00:00,175104,0,0 days 00:05:00,2025-01-01 00:00:00+00:00,0,0
REZ_USDT_USDT,,2025-01-01 00:00:00+00:00,2026-08-31 23:55:00+00:00,174816,1,1 days 00:05:00,2025-01-01 00:00:00+00:00,0,0
RSR_USDT_USDT,,2025-01-01 00:00:00+00:00,2026-08-31 23:55:00+00:00,175104,0,0 days 00:05:00,2025-01-01 00:00:00+00:00,0,0
RUNE_USDT_USDT,,2025-01-01 00:00:00+00:00,2026-08-31 23:55:00+00:00,175104,0,0 days 00:05:00,2025-01-01 00:00:00+00:00,0,0
SAGA_USDT_USDT,,2025-01-01 00:00:00+00:00,2026-08-31 23:55:00+00:00,175104,0,0 days 00:05:00,2025-01-01 00:00:00+00:00,0,0
SAND_USDT_USDT,,2025-01-01 00:00:00+00:00,2026-08-31 23:55:00+00:00,175104,0,0 days 00:05:00,2025-01-01 00:00:00+00:00,0,0
SEI_USDT_USDT,,2025-01-01 00:00:00+00:00,2026-08-31 23:55:00+00:00,175104,0,0 days 00:05:00,2025-01-01 00:00:00+00:00,0,0
SNX_USDT_USDT,,2025-01-01 00:00:00+00:00,2026-08-31 23:55:00+00:00,175104,0,0 days 00:05:00,2025-01-01 00:00:00+00:00,0,0
SOLV_USDT_USDT,,2025-01-17 12:15:00+00:00,2026-08-31 23:55:00+00:00,170349,0,0 days 00:05:00,2025-01-17 16:00:00+00:00,0,0
SOL_USDT_USDT,,2025-01-01 00:00:00+00:00,2026-08-31 23:55:00+00:00,175104,0,0 days 00:05:00,2025-01-01 00:00:00+00:00,0,0
SPX_USDT_USDT,,2025-01-01 00:00:00+00:00,2026-08-31 23:55:00+00:00,175104,0,0 days 00:05:00,2025-01-01 00:00:00+00:00,0,0
SSV_USDT_USDT,,2025-01-01 00:00:00+00:00,2026-08-31 23:55:00+00:00,175104,0,0 days 00:05:00,2025-01-01 00:00:00+00:00,0,0
STRK_USDT_USDT,,2025-01-01 00:00:00+00:00,2026-08-31 23:55:00+00:00,175104,0,0 days 00:05:00,2025-01-01 00:00:00+00:00,0,0
STX_USDT_USDT,,2025-01-01 00:00:00+00:00,2026-08-31 23:55:00+00:00,175104,0,0 days 00:05:00,2025-01-01 00:00:00+00:00,0,0
SUI_USDT_USDT,,2025-01-01 00:00:00+00:00,2026-08-31 23:55:00+00:00,175104,0,0 days 00:05:00,2025-01-01 00:00:00+00:00,0,0
SUSHI_USDT_USDT,,2025-01-01 00:00:00+00:00,2026-08-31 23:55:00+00:00,175104,0,0 days 00:05:00,2025-01-01 00:00:00+00:00,0,0
SWARMS_USDT_USDT,,2025-01-07 12:15:00+00:00,2026-08-31 23:55:00+00:00,173229,0,0 days 00:05:00,2025-01-07 16:00:00+00:00,0,0
S_USDT_USDT,,2025-01-16 10:00:00+00:00,2026-08-31 23:55:00+00:00,170664,0,0 days 00:05:00,2025-01-16 12:00:00+00:00,0,0
TAO_USDT_USDT,,2025-01-01 00:00:00+00:00,2026-08-31 23:55:00+00:00,175104,0,0 days 00:05:00,2025-01-01 00:00:00+00:00,0,0
THETA_USDT_USDT,,2025-01-01 00:00:00+00:00,2026-08-31 23:55:00+00:00,175104,0,0 days 00:05:00,2025-01-01 00:00:00+00:00,0,0
THE_USDT_USDT,,2025-01-01 00:00:00+00:00,2026-08-31 23:55:00+00:00,175104,0,0 days 00:05:00,2025-01-01 00:00:00+00:00,0,0
TIA_USDT_USDT,,2025-01-01 00:00:00+00:00,2026-08-31 23:55:00+00:00,174816,1,1 days 00:05:00,2025-01-01 00:00:00+00:00,0,0
TON_USDT_USDT,,2025-01-01 00:00:00+00:00,2026-08-31 23:55:00+00:00,175104,0,0 days 00:05:00,2025-01-01 00:00:00+00:00,0,0
TRB_USDT_USDT,,2025-01-01 00:00:00+00:00,2026-08-31 23:55:00+00:00,175104,0,0 days 00:05:00,2025-01-01 00:00:00+00:00,0,0
TRUMP_USDT_USDT,,2025-01-18 13:00:00+00:00,2026-08-31 23:55:00+00:00,170052,0,0 days 00:05:00,2025-01-18 16:00:00+00:00,0,0
TRX_USDT_USDT,,2025-01-01 00:00:00+00:00,2026-08-31 23:55:00+00:00,175104,0,0 days 00:05:00,2025-01-01 00:00:00+00:00,0,0
TURBO_USDT_USDT,,2025-01-01 00:00:00+00:00,2026-08-31 23:55:00+00:00,175104,0,0 days 00:05:00,2025-01-01 00:00:00+00:00,0,0
UNI_USDT_USDT,,2025-01-01 00:00:00+00:00,2026-08-31 23:55:00+00:00,175104,0,0 days 00:05:00,2025-01-01 00:00:00+00:00,0,0
USUAL_USDT_USDT,,2025-01-01 00:00:00+00:00,2026-08-31 23:55:00+00:00,175104,0,0 days 00:05:00,2025-01-01 00:00:00+00:00,0,0
UXLINK_USDT_USDT,,2025-01-01 00:00:00+00:00,2026-08-31 23:55:00+00:00,175104,0,0 days 00:05:00,2025-01-01 00:00:00+00:00,0,0
VANA_USDT_USDT,,2025-01-01 00:00:00+00:00,2026-08-31 23:55:00+00:00,175104,0,0 days 00:05:00,2025-01-01 00:00:00+00:00,0,0
VET_USDT_USDT,,2025-01-01 00:00:00+00:00,2026-08-31 23:55:00+00:00,175104,0,0 days 00:05:00,2025-01-01 00:00:00+00:00,0,0
VINE_USDT_USDT,,2025-01-24 10:00:00+00:00,2026-08-31 23:55:00+00:00,168360,0,0 days 00:05:00,2025-01-24 12:00:00+00:00,0,0
VIRTUAL_USDT_USDT,,2025-01-01 00:00:00+00:00,2026-08-31 23:55:00+00:00,175104,0,0 days 00:05:00,2025-01-01 00:00:00+00:00,0,0
WIF_USDT_USDT,,2025-01-01 00:00:00+00:00,2026-08-31 23:55:00+00:00,175104,0,0 days 00:05:00,2025-01-01 00:00:00+00:00,0,0
WLD_USDT_USDT,,2025-01-01 00:00:00+00:00,2026-08-31 23:55:00+00:00,175104,0,0 days 00:05:00,2025-01-01 00:00:00+00:00,0,0
W_USDT_USDT,,2025-01-01 00:00:00+00:00,2026-08-31 23:55:00+00:00,175104,0,0 days 00:05:00,2025-01-01 00:00:00+00:00,0,0
XAI_USDT_USDT,,2025-01-01 00:00:00+00:00,2026-08-31 23:55:00+00:00,175104,0,0 days 00:05:00,2025-01-01 00:00:00+00:00,0,0
XLM_USDT_USDT,,2025-01-01 00:00:00+00:00,2026-08-31 23:55:00+00:00,175104,0,0 days 00:05:00,2025-01-01 00:00:00+00:00,0,0
XMR_USDT_USDT,,2025-01-01 00:00:00+00:00,2026-08-31 23:55:00+00:00,175104,0,0 days 00:05:00,2025-01-01 00:00:00+00:00,0,0
XRP_USDT_USDT,,2025-01-01 00:00:00+00:00,2026-08-31 23:55:00+00:00,175104,0,0 days 00:05:00,2025-01-01 00:00:00+00:00,0,0
XTZ_USDT_USDT,,2025-01-01 00:00:00+00:00,2026-08-31 23:55:00+00:00,175104,0,0 days 00:05:00,2025-01-01 00:00:00+00:00,0,0
ZEN_USDT_USDT,,2025-01-01 00:00:00+00:00,2026-08-31 23:55:00+00:00,175104,0,0 days 00:05:00,2025-01-01 00:00:00+00:00,0,0
ZEREBRO_USDT_USDT,,2025-01-02 14:00:00+00:00,2026-08-31 23:55:00+00:00,174648,0,0 days 00:05:00,2025-01-02 16:00:00+00:00,0,0
ZK_USDT_USDT,,2025-01-01 00:00:00+00:00,2026-08-31 23:55:00+00:00,175104,0,0 days 00:05:00,2025-01-01 00:00:00+00:00,0,0
ZRO_USDT_USDT,,2025-01-01 00:00:00+00:00,2026-08-31 23:55:00+00:00,175104,0,0 days 00:05:00,2025-01-01 00:00:00+00:00,0,0
