round,idea,hold,n,per_day,mean_bp,med_bp,win,pf,days,day_mean_bp,day_t,days_pos,coin_share,day_share,weekday
R17_weekly,expiry-window long BTC/ETH,2.0,78,0.29,-3.85,-15.12,0.423,0.883,39,-3.85,-0.28,0.462,1.86,2.11,
R17_weeklys,expiry-window short BTC/ETH,2.0,78,0.29,-26.15,-14.88,0.372,0.41,39,-26.15,-1.9,0.385,0.7,0.34,
R17_weekly,expiry-window long BTC/ETH,4.0,78,0.29,10.44,-2.76,0.474,1.389,39,10.44,0.82,0.436,0.95,0.48,
R17_weeklys,expiry-window short BTC/ETH,4.0,78,0.29,-40.44,-27.24,0.346,0.259,39,-40.44,-3.17,0.333,0.62,0.14,
R17_weekly,expiry-window long BTC/ETH,8.0,78,0.29,11.74,-13.64,0.487,1.201,39,11.74,0.45,0.487,0.75,1.05,
R17_weeklys,expiry-window short BTC/ETH,8.0,78,0.29,-41.74,-16.36,0.423,0.513,39,-41.74,-1.6,0.436,0.57,0.31,
R18_monthly,expiry-window long BTC/ETH,2.0,18,0.07,-47.35,-33.79,0.278,0.142,9,-47.35,-1.89,0.222,0.56,0.53,
R18_monthlys,expiry-window short BTC/ETH,2.0,18,0.07,17.35,3.79,0.5,1.963,9,17.35,0.69,0.444,0.67,1.25,
R18_monthly,expiry-window long BTC/ETH,4.0,18,0.07,-25.05,-30.02,0.333,0.47,9,-25.05,-0.8,0.222,0.5,0.87,
R18_monthlys,expiry-window short BTC/ETH,4.0,18,0.07,-4.95,0.02,0.5,0.86,9,-4.95,-0.16,0.444,0.51,4.06,
R18_monthly,expiry-window long BTC/ETH,8.0,18,0.07,-19.92,-46.15,0.333,0.77,9,-19.92,-0.31,0.333,0.64,1.94,
R18_monthlys,expiry-window short BTC/ETH,8.0,18,0.07,-10.08,16.15,0.556,0.87,9,-10.08,-0.16,0.556,0.78,3.56,
R19,CME quarterly expiry long BTC,2.0,3,0.01,-56.69,-73.87,0.333,0.152,3,-56.69,-1.23,0.333,1.0,0.74,
R19,CME quarterly expiry long BTC,4.0,3,0.01,-45.81,-11.85,0.333,0.039,3,-45.81,-1.07,0.333,1.0,0.95,
R20_cpi,event long BTC/ETH,1.0,36,0.13,-23.4,-24.23,0.417,0.602,9,-23.4,-0.8,0.222,0.57,0.85,
R20_cpi,event short BTC/ETH,1.0,36,0.13,-6.6,-5.77,0.5,0.867,9,-6.6,-0.23,0.444,0.76,3.0,
R20_cpi,event long BTC/ETH,2.0,18,0.07,-31.72,-33.61,0.444,0.593,9,-31.72,-0.54,0.556,0.61,1.2,
R20_cpi,event short BTC/ETH,2.0,18,0.07,1.72,3.61,0.5,1.028,9,1.72,0.03,0.444,2.53,22.21,
R20_cpi,event long BTC/ETH,4.0,18,0.07,2.84,22.91,0.556,1.034,9,2.84,0.04,0.667,6.69,16.2,
R20_cpi,event short BTC/ETH,4.0,18,0.07,-32.84,-52.91,0.333,0.688,9,-32.84,-0.45,0.222,1.04,1.3,
R21_fomc,event long BTC/ETH,1.0,24,0.09,12.19,9.96,0.625,1.795,6,12.19,0.81,0.667,0.51,0.92,
R21_fomc,event short BTC/ETH,1.0,24,0.09,-42.19,-39.96,0.208,0.134,6,-42.19,-2.79,0.167,0.5,0.39,
R21_fomc,event long BTC/ETH,2.0,12,0.04,39.44,29.8,0.75,3.689,6,39.44,1.3,0.667,0.5,0.64,
R21_fomc,event short BTC/ETH,2.0,12,0.04,-69.44,-59.8,0.25,0.094,6,-69.44,-2.29,0.167,0.5,0.43,
R21_fomc,event long BTC/ETH,4.0,12,0.04,81.69,54.25,0.917,451.834,6,81.69,2.9,1.0,0.57,0.39,
R21_fomc,event short BTC/ETH,4.0,12,0.04,-111.69,-84.25,0.0,0.0,6,-111.69,-3.96,0.0,0.55,0.33,
R22_nfp,event long BTC/ETH,1.0,18,0.07,-19.62,-14.98,0.444,0.536,9,-19.62,-0.77,0.556,0.59,0.91,
R22_nfp,event short BTC/ETH,1.0,18,0.07,-10.38,-15.02,0.444,0.724,9,-10.38,-0.41,0.444,0.66,1.4,
R22_nfp,event long BTC/ETH,2.0,18,0.07,-2.84,24.84,0.556,0.955,9,-2.84,-0.05,0.556,1.6,13.8,
R22_nfp,event short BTC/ETH,2.0,18,0.07,-27.16,-54.84,0.333,0.652,9,-27.16,-0.5,0.333,0.62,1.32,
R22_nfp,event long BTC/ETH,4.0,18,0.07,-64.39,-52.42,0.444,0.388,9,-64.39,-1.16,0.444,0.64,0.55,
R22_nfp,event short BTC/ETH,4.0,18,0.07,34.39,22.42,0.5,1.634,9,34.39,0.62,0.556,0.76,0.92,
R24,month-start long universe,24.0,1612,5.9,-51.01,-21.48,0.487,0.828,27,-48.87,-0.38,0.519,0.09,1.23,
R24,month-start long universe,48.0,1075,3.94,-153.78,-66.56,0.453,0.641,18,-150.07,-0.73,0.5,0.06,0.88,
R25,US close reversal BTC/ETH,2.0,546,2.0,-13.45,-12.82,0.394,0.638,273,-13.45,-2.98,0.399,0.59,0.1,
R25,US close reversal BTC/ETH,4.0,546,2.0,-10.03,-7.47,0.46,0.774,273,-10.03,-1.85,0.425,0.66,0.15,
R25,US close reversal BTC/ETH,8.0,546,2.0,-15.64,-9.78,0.469,0.753,273,-15.64,-1.83,0.447,0.57,0.25,
R26,asia-open momentum,4.0,16287,59.66,-17.05,-17.07,0.456,0.809,272,-17.07,-2.37,0.386,0.04,0.1,
R26,asia-open momentum,8.0,16287,59.66,-12.52,-10.23,0.482,0.898,272,-12.58,-1.13,0.46,0.09,0.37,
R26,asia-open momentum,12.0,16287,59.66,-19.49,-17.69,0.475,0.868,272,-19.51,-1.64,0.467,0.06,0.18,
R27,weekday long universe,,2336,8.56,-114.73,-109.55,0.405,0.619,39,-114.78,-1.29,0.41,0.05,0.38,0.0
R27,weekday long universe,,2336,8.56,9.66,-17.49,0.482,1.045,39,9.26,0.12,0.513,0.18,3.17,1.0
R27,weekday long universe,,2333,8.55,128.94,82.06,0.578,1.902,39,129.24,1.96,0.641,0.06,0.26,2.0
R27,weekday long universe,,2333,8.55,-112.4,-138.33,0.39,0.63,39,-112.19,-1.27,0.41,0.05,0.4,3.0
R27,weekday long universe,,2335,8.55,37.14,45.62,0.542,1.185,39,38.05,0.53,0.564,0.12,0.71,4.0
R27,weekday long universe,,2335,8.55,3.9,-27.02,0.45,1.023,39,3.65,0.06,0.462,0.78,6.49,5.0
R27,weekday long universe,,2336,8.56,-113.48,-64.19,0.443,0.599,39,-113.45,-1.36,0.462,0.04,0.37,6.0
