round,idea,thr,hold,n,per_day,mean_bp,med_bp,win,pf,days,day_mean_bp,day_t,days_pos,coin_share,day_share
R29,toptrader pos ratio fade,1.5,24,7941,29.09,-6.85,-12.92,0.487,0.97,271,-11.2,-0.81,0.494,0.3,0.75
R29,toptrader pos ratio fade,1.5,48,4967,18.19,16.03,-0.26,0.5,1.052,271,8.52,0.4,0.487,0.23,0.47
R29,toptrader pos ratio fade,2.0,24,4717,17.28,-4.58,-16.15,0.484,0.981,271,0.0,0.0,0.48,0.96,2.07
R29,toptrader pos ratio fade,2.0,48,3258,11.93,-0.4,-24.26,0.485,0.999,271,-0.96,-0.04,0.435,13.12,24.78
R30,smart-retail divergence fade,1.5,24,8432,30.89,-24.66,-20.0,0.484,0.897,271,-21.26,-1.89,0.417,0.12,0.12
R30,smart-retail divergence fade,1.5,48,5265,19.29,-25.45,-19.26,0.489,0.922,271,-20.7,-1.15,0.476,0.18,0.19
R30,smart-retail divergence fade,2.0,24,4970,18.21,-32.52,-14.9,0.487,0.87,271,-20.69,-1.49,0.48,0.1,0.18
R30,smart-retail divergence fade,2.0,48,3534,12.95,-30.56,-8.85,0.495,0.909,271,-12.41,-0.57,0.443,0.2,0.2
R31,vol dry-up + OI up breakout,,24,585,2.14,-45.98,-31.71,0.472,0.794,141,-47.26,-1.17,0.447,0.26,0.26
R31,vol dry-up + OI up breakout,,48,551,2.02,17.4,43.4,0.523,1.055,138,19.66,0.29,0.486,0.81,1.11
R32,taker share term fade,0.1,6,18288,66.99,-19.41,-26.2,0.452,0.851,272,-20.85,-3.31,0.349,0.12,0.14
R32f,taker share term follow,0.1,6,18288,66.99,-20.59,-13.8,0.474,0.842,272,-19.15,-3.04,0.408,0.12,0.12
R32,taker share term fade,0.1,12,10220,37.44,-24.25,-34.34,0.457,0.869,272,-25.81,-2.24,0.39,0.13,0.19
R32f,taker share term follow,0.1,12,10220,37.44,-15.75,-5.66,0.494,0.912,272,-14.19,-1.23,0.478,0.21,0.28
R32,taker share term fade,0.1,24,5607,20.54,-33.43,-47.46,0.454,0.873,272,-35.09,-1.94,0.404,0.14,0.17
R32f,taker share term follow,0.1,24,5607,20.54,-6.57,7.46,0.507,0.974,272,-4.91,-0.27,0.544,0.63,0.9
R32,taker share term fade,0.15,6,14380,52.67,-21.09,-28.44,0.447,0.84,272,-22.52,-3.28,0.364,0.12,0.17
R32f,taker share term follow,0.15,6,14380,52.67,-18.91,-11.56,0.478,0.855,272,-17.48,-2.55,0.441,0.12,0.18
R32,taker share term fade,0.15,12,8122,29.75,-27.21,-35.36,0.457,0.856,272,-29.05,-2.32,0.382,0.11,0.2
R32f,taker share term follow,0.15,12,8122,29.75,-12.79,-4.64,0.493,0.929,272,-10.95,-0.87,0.467,0.17,0.41
R32,taker share term fade,0.15,24,4557,16.69,-43.34,-63.75,0.448,0.84,272,-46.98,-2.25,0.412,0.15,0.17
R32f,taker share term follow,0.15,24,4557,16.69,3.34,23.75,0.519,1.014,272,6.98,0.33,0.529,1.31,2.24
R33,taker share extreme fade,0.75,6,54805,200.75,-21.94,-17.52,0.459,0.802,273,-21.76,-12.14,0.209,0.02,0.02
R33,taker share extreme fade,0.75,12,27763,101.7,-23.58,-16.04,0.477,0.85,273,-23.22,-6.57,0.359,0.04,0.05
R33,taker share extreme fade,0.75,24,14084,51.59,-28.47,-14.68,0.485,0.874,273,-27.69,-3.83,0.414,0.07,0.07
R33,taker share extreme fade,0.8,6,52306,191.6,-21.83,-16.85,0.46,0.802,273,-21.62,-11.74,0.212,0.03,0.03
R33,taker share extreme fade,0.8,12,26518,97.14,-23.76,-15.48,0.476,0.848,273,-23.27,-6.3,0.355,0.03,0.05
R33,taker share extreme fade,0.8,24,13451,49.27,-28.94,-14.12,0.485,0.872,273,-27.82,-4.06,0.41,0.04,0.07
R34,OI velocity + price follow,0.05,24,2577,9.44,-23.66,-13.86,0.49,0.912,272,-29.85,-1.8,0.456,0.5,0.14
R34f,OI velocity + price fade,0.05,24,1842,6.75,-22.71,-1.81,0.497,0.911,271,-15.65,-0.57,0.465,0.64,0.37
R34,OI velocity + price follow,0.05,48,1974,7.23,-44.45,-24.87,0.481,0.88,272,-28.97,-1.08,0.471,0.44,0.16
R34f,OI velocity + price fade,0.05,48,1417,5.19,2.91,5.57,0.505,1.009,271,11.21,0.27,0.494,8.6,4.72
R34,OI velocity + price follow,0.08,24,1451,5.32,-23.91,-30.48,0.482,0.917,265,-49.27,-1.9,0.479,0.9,0.21
R34f,OI velocity + price fade,0.08,24,1036,3.79,-25.66,22.78,0.513,0.905,256,18.97,0.56,0.508,1.06,0.5
R34,OI velocity + price follow,0.08,48,1199,4.39,-58.11,-24.97,0.48,0.855,262,-82.49,-1.8,0.431,0.5,0.18
R34f,OI velocity + price fade,0.08,48,860,3.15,8.03,6.19,0.506,1.022,252,40.28,0.74,0.516,4.73,2.27
R35,RV expansion follow,1.8,12,1443,5.29,-13.54,-12.1,0.489,0.927,211,-10.95,-0.51,0.46,0.34,1.42
R35,RV expansion follow,1.8,24,1226,4.49,-24.23,-29.6,0.47,0.895,208,-10.11,-0.33,0.438,0.41,0.68
R35,RV expansion follow,2.2,12,490,1.79,-13.15,-12.88,0.484,0.942,117,-41.0,-1.08,0.419,0.95,3.7
R35,RV expansion follow,2.2,24,419,1.53,-100.7,-85.29,0.418,0.665,114,-54.8,-0.94,0.404,0.16,0.39
R36,avg trade size z follow,2.0,12,6471,23.7,-12.95,-14.74,0.48,0.923,271,-24.24,-2.73,0.406,0.2,0.37
R36,avg trade size z follow,2.0,24,5178,18.97,-17.11,-8.79,0.494,0.926,271,-32.18,-2.49,0.417,0.19,0.39
R36,avg trade size z follow,2.5,12,2843,10.41,-14.69,-13.15,0.483,0.914,269,-28.01,-2.54,0.372,0.23,0.54
R36,avg trade size z follow,2.5,24,2507,9.18,-18.93,-9.7,0.493,0.919,269,-40.48,-2.54,0.428,0.26,0.7
R37,market OI up -> long alts,0.01,24,9762,35.76,0.21,-9.43,0.493,1.001,164,0.75,0.02,0.524,8.58,48.31
R37,market OI up -> long alts,0.01,48,6047,22.15,30.32,12.2,0.506,1.092,103,27.1,0.36,0.534,0.11,0.86
R37,market OI up -> long alts,0.02,24,7782,28.51,-0.55,-30.48,0.473,0.998,130,-0.5,-0.01,0.477,2.98,23.23
R37,market OI up -> long alts,0.02,48,5267,19.29,-30.11,-37.98,0.476,0.912,93,-80.13,-1.08,0.484,0.09,0.85
R38,OI high + price low long,,24,474,1.74,-25.51,-2.6,0.496,0.9,129,17.25,0.29,0.535,0.74,1.02
R38,OI high + price low long,,48,335,1.23,-38.89,-32.38,0.475,0.89,119,0.55,0.01,0.487,0.86,1.04
R39,funding extreme + high OI fade,,24,753,2.76,-7.26,0.64,0.501,0.976,216,-30.07,-0.64,0.491,1.5,2.85
R39,funding extreme + high OI fade,,48,461,1.69,20.82,30.0,0.518,1.05,191,31.63,0.42,0.503,0.95,1.72
