round,name,n_tr,mean_bp_tr,med_bp_tr,win_tr,pf_tr,day_t_tr,per_day_tr,status_tr,n_va,mean_bp_va,med_bp_va,win_va,pf_va,day_t_va,per_day_va,status_va
51,MTF MA Ribbon Consensus,4706,-86.2,-93.09,0.4,0.619,-3.15,17.24,REJECT,8142,10.89,-9.84,0.49,1.066,0.3,90.47,PROFITABLE
52,MTF MA Ribbon Pullback Reclaim,4895,-74.9,-80.37,0.417,0.671,-2.76,17.93,REJECT,7090,32.8,42.16,0.55,1.207,0.81,78.78,PROFITABLE
53,MTF SuperTrend 4h + 1h EMA Cross,32047,-32.72,-44.43,0.452,0.845,-1.91,117.39,REJECT,10416,-19.68,-20.0,0.474,0.879,-0.89,115.73,REJECT
54,MTF SuperTrend 4h + 1h RSI Dip,0,0.0,0.0,0.0,0.0,0.0,0.0,REJECT,0,0.0,0.0,0.0,0.0,0.0,0.0,REJECT
55,MTF Donchian 4h Break + 1d Filter,4714,-147.71,-168.99,0.384,0.615,-2.72,17.27,REJECT,2734,-58.74,-37.82,0.475,0.799,-0.63,30.38,REJECT
56,MTF Donchian 1h Break + ATR Exp,12598,-0.83,-36.38,0.473,0.997,-0.02,46.15,REJECT,4935,-88.31,-90.42,0.401,0.618,-2.27,54.83,REJECT
57,MTF Dual Thrust Range Exp,60690,-12.42,-20.0,0.476,0.926,-0.99,222.31,REJECT,20402,-6.18,-6.39,0.491,0.953,-0.33,226.69,REJECT
58,MTF 4h ADX Trend + 1h EMA Cross,23934,-38.29,-57.7,0.448,0.845,-1.79,87.67,REJECT,7543,-35.04,-39.41,0.453,0.828,-1.05,83.81,REJECT
59,MTF MA Slope Consensus,6702,-68.68,-168.59,0.4,0.817,-1.4,24.55,REJECT,1503,-122.66,-138.04,0.413,0.641,-1.73,16.7,REJECT
60,MTF Aroon Trend Onset,1374,-8.63,-29.64,0.451,0.963,-0.22,5.03,REJECT,1337,25.38,-20.0,0.346,1.233,0.8,14.86,PROFITABLE
61,MTF Guppy GMMA Expansion,25813,-37.47,-57.36,0.454,0.874,-1.51,94.55,REJECT,8937,-39.69,-20.0,0.471,0.831,-1.13,99.3,REJECT
62,MTF Kaufman ER Trend Pulse,2746,-113.55,-108.63,0.418,0.693,-1.5,10.06,REJECT,1355,-183.9,-154.75,0.387,0.451,-2.05,15.06,REJECT
63,MTF MACD Hist Burst + 4h ST,27021,-9.65,-27.11,0.472,0.953,-0.46,98.98,REJECT,8835,-16.77,-29.69,0.456,0.894,-0.65,98.17,REJECT
64,MTF Keltner Breakout + 4h Trend,17031,-0.14,-34.92,0.471,0.999,-0.0,62.38,REJECT,6633,-14.3,-20.0,0.449,0.917,-0.41,73.7,REJECT
65,MTF Keltner Break + SL/TP,27717,-1.34,-320.0,0.37,0.993,-0.08,101.53,REJECT,8780,-4.55,-320.0,0.369,0.975,-0.13,97.56,REJECT
66,MTF Vortex Proxy Consensus,35404,-26.92,-56.17,0.451,0.891,-1.25,129.68,REJECT,12096,-24.72,-20.0,0.465,0.871,-0.95,134.4,REJECT
67,MTF 3 Consecutive Trend Bars,33155,-7.17,-18.25,0.482,0.964,-0.39,121.45,REJECT,11046,15.37,9.56,0.513,1.102,0.59,122.73,PROFITABLE
68,MTF Directional Momentum Thrust,18791,-19.06,-44.18,0.465,0.932,-0.52,68.83,REJECT,5291,-68.76,-71.42,0.427,0.712,-1.53,58.79,REJECT
69,MTF Choppiness Gated Trend,11115,2.83,-32.5,0.476,1.011,0.07,40.71,PROFITABLE,4280,-38.13,-39.59,0.459,0.813,-0.88,47.56,REJECT
70,MTF CMF Flow + Trend Consensus,21701,-1.62,-41.88,0.465,0.993,-0.06,79.49,REJECT,7468,-28.99,-22.34,0.472,0.854,-0.98,82.98,REJECT
71,MTF RSI<25 Dip in 1d Bull,527,-50.65,-20.0,0.476,0.71,-0.62,1.93,REJECT,64,-166.23,-123.2,0.312,0.547,-1.29,0.71,REJECT
72,MTF RSI<20 Deep Dip in 4h Bull,19,-30.88,-97.2,0.421,0.848,-0.29,0.07,REJECT,12,110.76,-105.36,0.333,1.838,0.75,0.13,PROFITABLE
73,MTF BB %B Lower Reclaim,5530,-66.3,-71.67,0.418,0.656,-2.19,20.26,REJECT,1517,-43.91,-59.23,0.388,0.674,-1.35,16.86,REJECT
74,MTF BB 3-Sigma Stretch Fade,8560,-57.89,-25.01,0.469,0.756,-1.71,31.36,REJECT,3664,48.3,65.13,0.577,1.374,1.31,40.71,PROFITABLE
75,MTF Keltner 2-ATR Dip Bounce,4365,-58.42,-89.91,0.409,0.733,-1.51,15.99,REJECT,1208,-64.68,-89.92,0.365,0.641,-1.43,13.42,REJECT
76,MTF Connors RSI3 Dip in 1d Bull,6346,-31.17,-38.03,0.444,0.808,-1.12,23.25,REJECT,497,-69.83,-33.71,0.435,0.625,-2.33,5.52,REJECT
77,MTF RSI<25 + Volume Climax,2813,-81.96,-37.29,0.458,0.688,-0.86,10.3,REJECT,1481,-23.76,-20.0,0.477,0.855,-0.3,16.46,REJECT
78,MTF Williams %R Oversold Snap,4563,-43.18,-70.71,0.434,0.807,-1.14,16.71,REJECT,1158,-76.47,-87.23,0.358,0.57,-2.11,12.87,REJECT
79,MTF CCI Oversold Snapback,345,7.61,-28.03,0.472,1.046,0.15,1.26,PROFITABLE,105,-78.27,-103.45,0.324,0.44,-1.26,1.17,REJECT
80,MTF Distance from 4h EMA Stretch,31745,-21.13,2.94,0.503,0.912,-0.9,116.28,REJECT,9595,-19.89,-11.58,0.487,0.896,-0.58,106.61,REJECT
81,MTF BB+RSI Double Exhaustion,8246,-67.93,-11.84,0.487,0.726,-1.5,30.21,REJECT,3260,-33.2,-12.07,0.485,0.812,-0.78,36.22,REJECT
82,MTF MFI+RSI Deep Capitulation,171,-51.36,-52.04,0.444,0.787,-0.65,0.63,REJECT,64,110.1,-8.28,0.484,1.908,1.25,0.71,PROFITABLE
83,MTF Pin Bar at 24h Low,3709,-68.85,-112.83,0.394,0.696,-1.81,13.59,REJECT,1055,-100.29,-113.85,0.373,0.542,-1.45,11.72,REJECT
84,MTF 6 Down-Bars in 1d Bull,1888,-22.86,-9.97,0.489,0.86,-0.7,6.92,REJECT,149,-84.79,-26.44,0.463,0.635,-1.36,1.66,REJECT
85,MTF RSI Dip + SL/TP (1:2),290,-30.39,-220.0,0.334,0.788,-0.64,1.06,REJECT,99,-22.67,-220.0,0.354,0.831,-0.44,1.1,REJECT
86,MTF RSI>75 Short in 1d Bear,1912,-200.81,-91.3,0.398,0.403,-2.05,7.0,REJECT,1316,-8.28,23.22,0.522,0.959,-0.15,14.62,REJECT
87,MTF BB Upper Reject in 4h Bear,2018,12.64,35.54,0.551,1.072,0.34,7.39,PROFITABLE,668,-22.34,55.8,0.555,0.887,-0.32,7.42,REJECT
88,MTF Chop-Gated BB Fade,9682,-22.25,-20.0,0.472,0.872,-1.33,35.47,REJECT,2644,-30.89,-20.0,0.471,0.786,-1.11,29.38,REJECT
89,MTF RSI Bullish Divergence,160,-103.21,-132.48,0.412,0.562,-1.29,0.59,REJECT,26,-20.21,-11.18,0.5,0.868,-0.2,0.29,REJECT
90,MTF CMF<-0.25 Snap in 1d Bull,1260,-33.67,-41.68,0.473,0.845,-0.64,4.62,REJECT,154,-120.87,-151.65,0.318,0.593,-2.0,1.71,REJECT
91,Top-Trader LS Div Accumulation,6476,-21.2,-61.32,0.449,0.913,-0.48,23.72,REJECT,1206,-74.22,-79.0,0.418,0.671,-1.09,13.4,REJECT
92,Top-Trader LS Surge + Taker Flow,3064,-82.96,-43.4,0.461,0.72,-1.34,11.22,REJECT,743,-28.93,-41.42,0.452,0.868,-0.71,8.26,REJECT
93,Taker Buy 4h Surge >65%,70,-5.37,-35.85,0.429,0.962,-0.1,0.26,REJECT,171,60.78,43.85,0.532,1.594,1.71,1.9,PASS_VALID
94,Taker Climax Exhaustion Fade,6,35.92,-56.01,0.333,1.697,0.5,0.02,PROFITABLE,11,50.77,16.74,0.636,1.588,0.56,0.12,PROFITABLE
95,Quote Vol Breakout + 4h Trend,6543,-42.84,-99.27,0.421,0.856,-0.92,23.97,REJECT,3147,-117.73,-128.7,0.359,0.517,-2.71,34.97,REJECT
96,Retail Count Frenzy Fade,7,-1858.27,55.19,0.571,0.083,-1.11,0.03,REJECT,3,256.94,312.88,0.667,3.92,0.9,0.03,PROFITABLE
97,Inst Block Flow Follow,220,85.47,-23.34,0.473,1.464,1.37,0.81,PROFITABLE,160,11.09,26.71,0.531,1.065,0.23,1.78,PROFITABLE
98,Taker Flow 3-Bar Persistence,587,9.86,-16.33,0.48,1.069,0.36,2.15,PROFITABLE,505,30.58,10.67,0.511,1.256,1.1,5.61,PROFITABLE
99,RVOL 5x Explosion Breakout,3723,22.89,-9.14,0.491,1.09,0.47,13.64,PROFITABLE,2077,-76.66,-51.3,0.439,0.658,-1.86,23.08,REJECT
100,Top-Trader LS 24h Delta Mom,14158,-11.44,-26.9,0.475,0.953,-0.46,51.86,REJECT,2521,-47.92,-44.17,0.452,0.782,-1.68,28.01,REJECT
101,Top-Trader Short Squeeze Hunter,164,89.85,-23.93,0.463,1.415,1.09,0.6,PROFITABLE,105,36.65,-92.84,0.41,1.172,0.48,1.17,PROFITABLE
102,Volume Climax Absorption Pin,824,191.48,-0.39,0.5,2.073,0.89,3.02,PROFITABLE,422,527.31,438.62,0.791,10.526,1.32,4.69,PROFITABLE
103,Low-Vol Breakout Fade Short,748,56.59,56.06,0.552,1.399,0.75,2.74,PROFITABLE,173,32.19,79.28,0.601,1.261,0.35,1.92,PROFITABLE
104,Heavy Sell Volume Trap Reclaim,130,126.08,-24.78,0.477,1.592,0.94,0.48,PROFITABLE,54,-43.32,-57.63,0.407,0.799,-0.46,0.6,REJECT
105,Taker Flow Reversal in Oversold,73,0.27,60.29,0.534,1.001,0.0,0.27,PROFITABLE,90,107.04,67.73,0.656,2.683,2.28,1.0,PASS_VALID
106,Taker Surge + ATR Expansion,296,64.56,44.35,0.534,1.493,1.47,1.08,PROFITABLE,284,-78.72,-64.22,0.391,0.546,-2.56,3.16,REJECT
107,Top-Trader + 4h SuperTrend Bull,10393,-68.19,-79.85,0.434,0.756,-1.78,38.07,REJECT,2679,-100.09,-123.68,0.371,0.575,-1.89,29.77,REJECT
108,Top-Trader + 4h SuperTrend Bear,311,-153.43,-46.93,0.463,0.54,-2.56,1.14,REJECT,424,39.91,63.11,0.561,1.236,0.84,4.71,PROFITABLE
109,Volume Surge 50-EMA Breakout,1587,-7.18,-44.13,0.459,0.971,-0.16,5.81,REJECT,812,-81.11,-62.11,0.42,0.576,-2.03,9.02,REJECT
110,Volume Weighted Momentum Thrust,8218,-4.44,-61.74,0.452,0.984,-0.1,30.1,REJECT,3141,-87.76,-92.1,0.41,0.625,-1.84,34.9,REJECT
111,BBW 7d Compression Breakout,3882,-29.57,-27.54,0.473,0.874,-0.7,14.22,REJECT,1355,-22.96,-6.67,0.491,0.86,-0.61,15.06,REJECT
112,ATR Ratio Compression Break,182,-48.75,-44.32,0.451,0.815,-0.71,0.67,REJECT,160,-268.37,-264.42,0.212,0.225,-1.94,1.78,REJECT
113,HV24 Pinch into Expansion,953,-3.06,-32.44,0.481,0.989,-0.05,3.49,REJECT,694,-192.65,-210.1,0.294,0.325,-1.76,7.71,REJECT
114,CHOP<38 Trend Momentum Cross,603,-127.22,-156.55,0.38,0.638,-2.07,2.21,REJECT,363,-6.97,-45.98,0.46,0.962,-0.11,4.03,REJECT
115,CHOP>62 Range Boundary Fade,60,-28.31,-72.98,0.433,0.86,-0.31,0.22,REJECT,12,-110.33,-33.77,0.5,0.375,-1.23,0.13,REJECT
116,ADX Compression Hook Breakout,2351,-35.17,-39.3,0.467,0.859,-0.99,8.61,REJECT,943,-8.46,-21.68,0.473,0.952,-0.2,10.48,REJECT
117,TTM Squeeze Release + 4h ST,4990,-33.54,-44.01,0.462,0.859,-0.89,18.28,REJECT,1909,-21.52,-47.67,0.45,0.875,-0.42,21.21,REJECT
118,NATR 2.5x Spike Capitulation Snap,172,941.92,1187.16,0.779,7.818,1.03,0.63,PROFITABLE,66,76.35,0.24,0.5,2.005,0.87,0.73,PROFITABLE
119,4h Vol Compression + 1h Donchian,5693,15.08,-21.13,0.487,1.054,0.32,20.85,PROFITABLE,1517,22.82,21.77,0.523,1.119,0.42,16.86,PROFITABLE
120,High-Vol Breakout + SL/TP (2:4),20337,-7.75,-270.0,0.362,0.953,-0.53,74.49,REJECT,5870,-55.74,-270.0,0.294,0.673,-3.11,65.22,REJECT
121,Low-Vol Drift Trend Follow,12362,-42.31,-54.8,0.455,0.857,-1.26,45.28,REJECT,4824,35.0,12.7,0.51,1.175,0.63,53.6,PROFITABLE
122,Donchian Break + Dynamic TP/SL,29621,0.46,-320.0,0.376,1.002,0.03,108.5,PROFITABLE,8721,13.43,-320.0,0.406,1.076,0.36,96.9,PROFITABLE
123,Solid Marubozu Vol Expansion,9535,25.89,-21.9,0.479,1.121,0.7,34.93,PROFITABLE,3048,-73.98,-81.05,0.417,0.646,-1.61,33.87,REJECT
124,GK Vol Spike Exhaustion Rebound,179,-117.54,-150.52,0.307,0.465,-1.25,0.66,REJECT,25,122.64,74.57,0.52,1.956,1.26,0.28,PROFITABLE
125,NR7 Range Expansion Breakout,11847,-5.29,-31.13,0.469,0.974,-0.25,43.4,REJECT,3640,5.23,0.24,0.501,1.035,0.2,40.44,PROFITABLE
126,Vol Pinch + Pre-Vol Building,1880,-40.93,-59.34,0.445,0.818,-1.09,6.89,REJECT,693,-0.59,19.98,0.521,0.996,-0.02,7.7,REJECT
127,Dual 4h/1h MTF Squeeze Break,2104,64.89,40.87,0.533,1.312,1.54,7.71,PASS_TRAIN,951,2.99,-4.79,0.497,1.018,0.05,10.57,PROFITABLE
128,ATR + Volume Surge Momentum,4136,-35.32,-76.57,0.448,0.888,-0.71,15.15,REJECT,2139,-207.21,-155.43,0.331,0.361,-2.58,23.77,REJECT
129,Vol-Adjusted Return Spike Follow,4440,7.33,-20.0,0.483,1.028,0.13,16.26,PROFITABLE,2126,-113.85,-117.53,0.376,0.53,-1.94,23.62,REJECT
130,Regime-Filtered 20-EMA Cross,3336,-56.04,-62.54,0.446,0.794,-1.69,12.22,REJECT,1550,-72.41,-79.87,0.426,0.662,-1.76,17.22,REJECT
131,FR Cum72h < -0.3% Long Rebound,5543,-1.88,-51.11,0.451,0.992,-0.07,20.3,REJECT,3592,-56.53,-108.0,0.404,0.744,-1.4,39.91,REJECT
132,FR Cum72h > +0.3% Short Exhaust,18530,36.19,17.19,0.515,1.167,1.13,67.88,PROFITABLE,3104,32.31,31.16,0.543,1.198,1.0,34.49,PROFITABLE
133,FR 8h Delta Momentum Follow,4666,-19.76,-51.31,0.456,0.929,-0.72,17.09,REJECT,2132,-38.36,-34.18,0.468,0.829,-1.35,23.69,REJECT
134,"Spot-Led Rally (Price Up, FR<=0)",3156,-22.83,-96.89,0.42,0.922,-0.56,11.56,REJECT,1295,-85.52,-140.21,0.377,0.672,-2.07,14.39,REJECT
135,FR<-0.05% Short Squeeze Break,299,-19.79,-187.74,0.381,0.95,-0.28,1.1,REJECT,117,-126.64,-176.04,0.325,0.638,-1.76,1.3,REJECT
136,FR>+0.08% Long Flush Breakdown,37,-238.64,-106.98,0.351,0.578,-0.9,0.14,REJECT,8,492.44,-321.15,0.5,1.964,0.57,0.09,PROFITABLE
137,FR MA Cross + 4h Trend,19867,-38.82,-50.59,0.454,0.845,-1.91,72.77,REJECT,8095,-21.26,-20.0,0.48,0.891,-0.79,89.94,REJECT
138,Multi-Settlement FR Short (Filtered),36,305.13,75.54,0.611,3.597,1.78,0.13,PROFITABLE,20,302.86,61.18,0.6,2.683,0.93,0.22,PROFITABLE
139,FR 14d Z-Score Mean Reversion,2295,-60.9,0.55,0.501,0.794,-0.97,8.41,REJECT,748,13.89,-22.45,0.483,1.075,0.26,8.31,PROFITABLE
140,High-FR Alt Short in Macro Bear,124,-20.81,-39.3,0.452,0.939,-0.17,0.45,REJECT,44,203.47,102.26,0.682,2.162,1.22,0.49,PROFITABLE
141,FR Zero-Cross Momentum Burst,2973,-31.89,-59.54,0.442,0.877,-0.7,10.89,REJECT,1098,-80.57,-115.27,0.385,0.66,-1.51,12.2,REJECT
142,FR Extreme Spike Decay Fade,16,466.82,-44.45,0.438,2.972,1.19,0.06,PROFITABLE,5,-20.16,102.32,0.6,0.945,-0.05,0.06,REJECT
143,FR-Discount Trend Following,16835,-1.58,-30.38,0.476,0.994,-0.05,61.67,REJECT,5189,-11.89,-15.36,0.483,0.939,-0.32,57.66,REJECT
144,FR Volatility-Normalized Stretch,2718,-7.45,-50.92,0.433,0.966,-0.31,9.96,REJECT,1589,-63.0,-79.05,0.405,0.712,-2.01,17.66,REJECT
145,FR Capitulation Rebound Long,64,208.95,182.68,0.594,1.969,1.15,0.23,PROFITABLE,39,175.09,16.66,0.538,2.224,1.39,0.43,PROFITABLE
146,FR Dislocation + ATR SL/TP,96,-24.5,-270.0,0.344,0.858,-0.55,0.35,REJECT,47,-82.13,-270.0,0.255,0.551,-1.46,0.52,REJECT
147,FR 5-Period Exhaustion Short,44,257.02,76.78,0.659,2.39,1.58,0.16,PROFITABLE,20,267.65,579.31,0.7,1.466,0.52,0.22,PROFITABLE
148,FR Trend-Aligned Carry Bias,1218,1.53,-115.56,0.443,1.004,0.03,4.46,PROFITABLE,532,-138.54,-201.92,0.368,0.609,-2.77,5.91,REJECT
149,FR Bullish Divergence at Lows,2275,21.16,28.58,0.523,1.087,0.39,8.33,PROFITABLE,1226,73.76,57.91,0.56,1.5,1.44,13.62,PROFITABLE
150,FR Extreme + 4h SuperTrend,1156,7.1,-104.07,0.42,1.022,0.2,4.23,PROFITABLE,581,-100.98,-144.75,0.368,0.65,-2.37,6.46,REJECT
151,OI Surge + Price Breakout Follow,2709,27.35,-114.45,0.434,1.079,0.36,9.92,PROFITABLE,573,-111.16,-226.13,0.353,0.687,-1.76,6.37,REJECT
152,OI Absorption Coiled Spring Break,14,59.79,-15.32,0.5,1.22,0.27,0.05,PROFITABLE,5,-56.96,-66.8,0.4,0.585,-0.48,0.06,REJECT
153,OI Collapse Cascade Continuation,587,-493.86,-212.31,0.348,0.313,-1.09,2.15,REJECT,111,-177.24,-189.34,0.288,0.457,-1.38,1.23,REJECT
154,OI Flush Climax Snapback Long,53,1416.12,1502.25,0.887,24.389,1.02,0.19,PROFITABLE,11,157.86,20.99,0.545,3.906,1.28,0.12,PROFITABLE
155,OI 7d Expansion + Trend Consensus,5716,-33.7,-132.04,0.416,0.901,-0.72,20.94,REJECT,1213,-79.56,-143.2,0.399,0.744,-1.62,13.48,REJECT
156,OI Bearish Divergence at Highs,66,184.56,165.59,0.636,1.892,1.44,0.24,PROFITABLE,17,13.93,77.65,0.588,1.116,0.14,0.19,PROFITABLE
157,OI Bullish Accumulation at Lows,81,-162.03,-15.55,0.494,0.709,-0.97,0.3,REJECT,31,-134.6,-181.22,0.387,0.59,-1.25,0.34,REJECT
158,OI Build + Negative FR Squeeze,809,8.34,-152.77,0.405,1.023,0.18,2.96,PROFITABLE,338,-118.71,-186.04,0.349,0.615,-2.6,3.76,REJECT
159,OI Build + Positive FR Long Squeeze,75,48.68,11.43,0.507,1.118,0.31,0.27,PROFITABLE,14,768.21,406.31,0.714,6.103,1.51,0.16,PROFITABLE
160,Post-Flush Stabilization Reclaim,1279,-15.56,-87.47,0.431,0.942,-0.34,4.68,REJECT,283,-74.2,-114.31,0.41,0.723,-0.85,3.14,REJECT
161,Top-Trader + OI Joint Expansion,5279,-42.19,-112.73,0.423,0.865,-0.76,19.34,REJECT,1097,-97.12,-156.7,0.376,0.666,-1.86,12.19,REJECT
162,OI Velocity Spike Follow,15516,-11.98,-28.68,0.474,0.948,-0.47,56.84,REJECT,5911,-36.04,-40.34,0.457,0.808,-1.21,65.68,REJECT
163,OI Breakout + Tight SL/TP,19431,-7.29,-270.0,0.372,0.954,-0.68,71.18,REJECT,7163,-11.41,-270.0,0.379,0.927,-0.49,79.59,REJECT
164,OI 7d ATH Rejection Short,786,-18.11,-27.52,0.452,0.912,-0.5,2.88,REJECT,625,21.55,-20.0,0.362,1.216,0.78,6.94,PROFITABLE
165,Fast 1h OI Flush Snapback,2,2172.46,2172.46,1.0,999.0,2.34,0.01,PROFITABLE,0,0.0,0.0,0.0,0.0,0.0,0.0,REJECT
166,Coiled Spring Low-Vol OI Break,838,-126.67,-160.71,0.405,0.656,-1.78,3.07,REJECT,131,-89.81,-201.0,0.366,0.69,-1.03,1.46,REJECT
167,OI/Turnover Ratio Spike,13334,-19.32,-27.73,0.474,0.911,-0.87,48.84,REJECT,5035,18.07,7.76,0.512,1.115,0.62,55.94,PROFITABLE
168,Persistent 20h OI Inflow Trend,4692,16.09,-62.33,0.453,1.064,0.28,17.19,PROFITABLE,1117,-17.24,-59.49,0.449,0.923,-0.27,12.41,REJECT
169,Post-Flush Bottom + Dynamic SL/TP,519,92.41,-320.0,0.461,1.54,0.88,1.9,PROFITABLE,113,-20.8,-275.32,0.381,0.88,-0.38,1.26,REJECT
170,OI Mom + 4h SuperTrend Cross,6373,-64.08,-65.86,0.45,0.785,-2.17,23.34,REJECT,1502,-52.8,-70.42,0.436,0.771,-1.46,16.69,REJECT
171,MTF Fair Value Gap (FVG) Retest,3447,6.23,-21.88,0.478,1.031,0.18,12.63,PROFITABLE,932,-42.5,-63.01,0.418,0.788,-0.93,10.36,REJECT
172,Break of Structure (BOS) + 4h,20690,-7.41,-36.35,0.471,0.97,-0.27,75.79,REJECT,6690,-8.66,-8.97,0.49,0.954,-0.23,74.33,REJECT
173,Liquidity Sweep Judas Swing,9975,-38.46,-20.6,0.477,0.81,-1.47,36.54,REJECT,2703,-6.85,8.74,0.515,0.957,-0.22,30.03,REJECT
174,PDH/PDL Sweep Reversal,31209,-44.93,-23.76,0.468,0.752,-2.94,114.32,REJECT,8238,-28.32,-20.0,0.471,0.806,-1.46,91.53,REJECT
175,EQH Liquidity Grab Breakout,729,-33.92,-39.84,0.45,0.848,-0.67,2.67,REJECT,150,-100.98,-96.67,0.32,0.494,-2.61,1.67,REJECT
176,London Session Sweep Reclaim,4670,-77.48,-48.11,0.43,0.594,-2.13,17.11,REJECT,1187,-4.75,7.32,0.513,0.965,-0.11,13.19,REJECT
177,Inside Bar Breakout + 4h Trend,23763,-15.43,-25.75,0.472,0.926,-0.81,87.04,REJECT,8225,-18.73,-11.14,0.484,0.884,-0.86,91.39,REJECT
178,Engulfing Bar + 4h Trend,22357,-31.74,-42.58,0.456,0.855,-1.84,81.89,REJECT,6468,-14.57,-20.0,0.481,0.913,-0.59,71.87,REJECT
179,Pin Bar Rejection at 50 EMA,4456,-59.5,-82.88,0.423,0.74,-1.76,16.32,REJECT,1315,-85.31,-92.94,0.377,0.559,-1.96,14.61,REJECT
180,Swing Failure Pattern (SFP) 48h,3935,-30.77,-3.68,0.498,0.87,-0.78,14.41,REJECT,1077,-2.33,13.11,0.514,0.986,-0.07,11.97,REJECT
181,NR4 Volatility Expansion Break,33274,-9.26,-25.78,0.474,0.954,-0.52,121.88,REJECT,10693,-7.63,-3.64,0.495,0.953,-0.32,118.81,REJECT
182,Wide Range Bar Follow Through,1175,-74.06,-105.19,0.414,0.778,-0.8,4.3,REJECT,1071,-135.98,-130.27,0.398,0.504,-1.28,11.9,REJECT
183,Tight Box (<3%) Breakout,1472,-0.66,-20.0,0.47,0.995,-0.02,5.39,REJECT,791,26.44,26.08,0.544,1.267,0.67,8.79,PROFITABLE
184,3-Bar Higher Lows 4h Trend,11295,-51.92,-55.23,0.446,0.784,-1.89,41.37,REJECT,3475,-87.39,-110.64,0.372,0.615,-1.93,38.61,REJECT
185,Price Action Channel (PAC) Break,27562,-47.02,-61.5,0.446,0.813,-2.37,100.96,REJECT,9054,-32.07,-33.58,0.463,0.835,-1.08,100.6,REJECT
186,Extreme Wick Exhaustion Fade,4408,-10.29,-10.51,0.486,0.94,-0.37,16.15,REJECT,2263,60.56,37.54,0.546,1.5,1.11,25.14,PROFITABLE
187,Triangle Compression Breakout,1983,-22.89,-66.98,0.447,0.905,-0.58,7.26,REJECT,991,67.59,57.87,0.589,1.5,1.57,11.01,PASS_VALID
188,FVG + Donchian Confluence,812,-39.95,-95.16,0.417,0.841,-0.66,2.97,REJECT,216,-73.26,-176.67,0.366,0.72,-0.82,2.4,REJECT
189,SFP Reversal + Dynamic SL/TP,2164,-9.13,-270.0,0.385,0.942,-0.42,7.93,REJECT,964,55.02,-20.0,0.494,1.442,1.19,10.71,PROFITABLE
190,24h Break + 4h ST + SL/TP,26000,-3.85,-320.0,0.371,0.98,-0.25,95.24,REJECT,7413,14.18,-320.0,0.404,1.08,0.35,82.37,PROFITABLE
191,XS 24h Momentum Top/Bottom 10%,8660,-10.12,-30.35,0.472,0.966,-0.92,31.72,REJECT,2880,-45.15,-20.0,0.445,0.808,-2.95,32.0,REJECT
192,XS 7d Mom Leader Dip Buyer,1069,-25.11,-37.72,0.473,0.906,-0.65,3.92,REJECT,387,-70.01,-109.55,0.382,0.693,-1.39,4.3,REJECT
193,XS Volume Share Surge Leaders,1330,-44.14,-112.7,0.426,0.866,-1.22,4.87,REJECT,450,-78.19,-117.23,0.398,0.74,-1.48,5.0,REJECT
194,XS Vol-Adjusted Momentum Spread,8651,-9.1,-23.39,0.475,0.966,-1.01,31.69,REJECT,2880,-44.27,-20.0,0.445,0.799,-3.13,32.0,REJECT
195,XS Top-Trader LS Factor Spread,8658,-18.55,0.88,0.501,0.928,-2.07,31.71,REJECT,2700,-16.88,-20.0,0.479,0.912,-2.21,30.0,REJECT
196,XS Funding Rate Carry Spread,8656,-11.68,-32.8,0.468,0.952,-1.54,31.71,REJECT,2700,-11.11,-20.0,0.479,0.945,-1.17,30.0,REJECT
197,XS Low-Volatility Anomaly,8533,-13.5,11.85,0.513,0.951,-0.75,31.26,REJECT,2880,10.34,-20.0,0.423,1.062,0.66,32.0,PROFITABLE
198,XS OI 24h Growth Spread,8689,-23.31,-22.41,0.48,0.92,-2.6,31.83,REJECT,2880,-34.64,-22.34,0.465,0.848,-3.1,32.0,REJECT
199,XS 24h Mean Reversion Spread,8660,-29.76,-9.0,0.494,0.903,-2.71,31.72,REJECT,2880,5.21,-20.0,0.469,1.025,0.34,32.0,PROFITABLE
200,XS Price Acceleration Factor,8660,-12.11,-20.0,0.482,0.96,-1.05,31.72,REJECT,2880,-32.62,-20.0,0.443,0.855,-2.44,32.0,REJECT
201,XS Multi-Factor Composite Spread,8652,-22.18,-37.86,0.471,0.926,-2.09,31.69,REJECT,2700,-48.96,-33.81,0.465,0.798,-3.58,30.0,REJECT
202,XS Long-Only Mom in 1d Bull,510,3.28,-94.74,0.425,1.01,0.05,1.87,PROFITABLE,0,0.0,0.0,0.0,0.0,0.0,0.0,REJECT
203,XS Short-Only Laggards in 1d Bear,355,22.96,-14.17,0.493,1.082,0.37,1.3,PROFITABLE,450,-23.98,24.16,0.527,0.905,-0.51,5.0,REJECT
204,XS 48h Momentum 48h Rebalance,4330,-7.49,-41.52,0.474,0.982,-0.35,15.86,REJECT,1440,-47.7,-20.0,0.447,0.847,-1.52,16.0,REJECT
205,XS Turnover Velocity Factor,1360,-76.36,-206.89,0.388,0.828,-1.58,4.98,REJECT,450,-112.83,-164.83,0.382,0.677,-2.11,5.0,REJECT
206,XS Low-Beta 7d Safe Havens,178,-28.55,-20.0,0.483,0.897,-0.45,0.65,REJECT,65,-20.0,-20.0,0.0,0.0,0.0,0.72,REJECT
207,XS High-Beta Laggard Catch-Up,1031,-70.31,-86.01,0.435,0.774,-1.77,3.78,REJECT,375,-114.81,-172.12,0.341,0.572,-2.17,4.17,REJECT
208,XS 24h Mom + SL/TP (3:6),3079,-7.72,-320.0,0.361,0.961,-0.55,11.28,REJECT,1053,-5.57,-320.0,0.366,0.97,-0.29,11.7,REJECT
209,XS Quintile Momentum Spread,17332,-17.56,-27.57,0.472,0.935,-2.28,63.49,REJECT,5760,-37.52,-20.0,0.445,0.822,-3.62,64.0,REJECT
210,XS Mom Filtered by BTC 4h Trend,4330,-6.25,-28.35,0.475,0.98,-0.17,15.86,REJECT,1440,-27.9,-20.0,0.478,0.881,-0.63,16.0,REJECT
211,BTC 4h Bull Gated Alt Breakout,15908,11.9,-20.0,0.485,1.049,0.33,58.27,PROFITABLE,5501,-45.29,-49.48,0.448,0.784,-0.93,61.12,REJECT
212,BTC Low-Vol Calm Alt Breakout,19981,4.17,-26.03,0.479,1.018,0.15,73.19,PROFITABLE,6637,-9.0,-7.12,0.491,0.952,-0.24,73.74,REJECT
213,BTC 24h Surge Alt Momentum Follow,5423,-44.06,-134.75,0.411,0.849,-0.57,19.86,REJECT,1222,6.06,-37.18,0.471,1.032,0.07,13.58,PROFITABLE
214,BTC 6% Overextension Alt Fade,595,-65.43,131.8,0.58,0.793,-0.3,2.18,REJECT,264,78.05,90.34,0.606,1.84,0.61,2.93,PROFITABLE
215,ETH/BTC Altseason Breakout Gating,7234,-32.49,-69.92,0.447,0.88,-0.61,26.5,REJECT,1641,-97.11,-160.98,0.374,0.633,-1.36,18.23,REJECT
216,BTC Capitulation Spillover Snap,813,49.23,26.27,0.524,1.3,0.46,2.98,PROFITABLE,794,83.38,49.1,0.562,1.87,0.95,8.82,PROFITABLE
217,Alt Relative Strength in BTC Chop,3114,-72.32,-115.43,0.425,0.777,-1.3,11.41,REJECT,605,-79.69,-168.87,0.375,0.745,-0.81,6.72,REJECT
218,Alt Relative Weakness Short,4802,-14.87,-48.72,0.456,0.942,-0.19,17.59,REJECT,2499,-68.98,-85.07,0.409,0.663,-1.03,27.77,REJECT
219,BTC FR Regime Transmission,3689,-49.73,-57.98,0.436,0.827,-0.55,13.51,REJECT,1736,-159.94,-173.46,0.282,0.409,-1.93,19.29,REJECT
220,Market Breadth Gated EMA Cross,24346,-43.08,-48.22,0.454,0.824,-1.61,89.18,REJECT,7186,-10.47,1.22,0.501,0.943,-0.26,79.84,REJECT
221,Alt Market Breadth Thrust Follow,4878,0.44,-99.52,0.441,1.001,0.0,17.87,PROFITABLE,1344,-270.58,-303.48,0.289,0.339,-1.81,14.93,REJECT
222,BTC Taker Flow Spillover Follow,8675,15.94,-23.59,0.465,1.102,0.42,31.78,PROFITABLE,2072,41.73,24.49,0.535,1.424,0.98,23.02,PROFITABLE
223,BTC+Alt Dual SuperTrend Break,13493,-11.85,-53.95,0.456,0.953,-0.28,49.42,REJECT,4323,-57.26,-51.57,0.437,0.729,-1.16,48.03,REJECT
224,BTC Macro 100d Filter MA Cross,15959,-28.93,-71.64,0.432,0.876,-0.85,58.46,REJECT,9772,9.42,0.44,0.501,1.057,0.27,108.58,PROFITABLE
225,Beta-Residual Breakout Long,9115,-24.81,-96.22,0.428,0.917,-0.57,33.39,REJECT,2086,-67.86,-116.82,0.39,0.747,-1.33,23.18,REJECT
226,BTC Dump Rebound Leader,1308,199.82,127.2,0.573,1.95,0.95,4.79,PROFITABLE,950,66.02,-19.29,0.479,1.48,0.54,10.56,PROFITABLE
227,High Alt Dispersion Breakout,3347,51.66,-7.32,0.493,1.217,0.6,12.26,PROFITABLE,1077,-77.71,-46.02,0.447,0.7,-0.74,11.97,REJECT
228,Weekend Alt Momentum Breakout,6518,30.19,-5.41,0.496,1.13,0.54,23.88,PROFITABLE,2222,18.75,14.27,0.517,1.11,0.28,24.69,PROFITABLE
229,BTC OI Inflow Alt Breakout,2321,-8.04,-65.6,0.457,0.973,-0.06,8.5,REJECT,193,-341.5,-456.86,0.249,0.172,-1.26,2.14,REJECT
230,BTC Bull + Alt Break + SL/TP,2723,-7.07,-320.0,0.369,0.963,-0.13,9.97,REJECT,198,-197.78,-320.0,0.146,0.233,-1.6,2.2,REJECT
231,Hybrid: Taker Surge+ATR+BTC Bull,216,87.6,61.8,0.551,1.674,1.5,0.79,PASS_TRAIN,220,-92.96,-76.15,0.373,0.502,-2.5,2.44,REJECT
232,Hybrid: TT Long+Vol+4h Break,4030,-15.3,-80.04,0.433,0.943,-0.26,14.76,REJECT,1030,-89.28,-133.86,0.376,0.658,-1.43,11.44,REJECT
233,Hybrid: 1d Bull+FR Discount+Break,2236,-34.17,-71.65,0.452,0.884,-0.65,8.19,REJECT,155,-115.43,-186.08,0.342,0.654,-1.6,1.72,REJECT
234,Hybrid: OI Flush+TT Rebound,120,1620.18,2060.59,0.783,9.922,0.95,0.44,PROFITABLE,32,230.16,195.03,0.75,7.095,2.58,0.36,PASS_VALID
235,Hybrid: FVG+4h ST+Low FR,3491,-13.01,-73.12,0.439,0.947,-0.33,12.79,REJECT,991,-68.38,-111.67,0.398,0.713,-1.13,11.01,REJECT
236,Hybrid: XS Leader 20-EMA Dip Reclaim,1657,-85.38,-134.21,0.422,0.782,-1.09,6.07,REJECT,305,-179.02,-264.27,0.305,0.507,-2.01,3.39,REJECT
237,Hybrid: Short Squeeze Triple Trigger,369,35.04,-152.77,0.404,1.09,0.48,1.35,PROFITABLE,137,-101.48,-176.04,0.321,0.699,-1.56,1.52,REJECT
238,Hybrid: Trend Dip + Dynamic SL/TP,379,-0.86,-270.0,0.409,0.994,-0.02,1.39,REJECT,62,-18.98,-270.0,0.339,0.881,-0.43,0.69,REJECT
239,Hybrid: Vol + OI Dual Confirmation,2767,7.57,-118.04,0.422,1.022,0.11,10.14,PROFITABLE,717,-115.87,-230.74,0.346,0.661,-2.03,7.97,REJECT
240,Hybrid: CMF Flow + 4h ST Cross,8038,-45.77,-56.18,0.449,0.815,-1.48,29.44,REJECT,2642,-43.35,-7.32,0.489,0.762,-1.39,29.36,REJECT
241,Hybrid: Keltner Break + ADX>25,23125,-5.59,-33.34,0.472,0.977,-0.2,84.71,REJECT,8073,-23.2,-20.0,0.448,0.879,-0.72,89.7,REJECT
242,Hybrid: Smart Money Long Divergence,1905,22.72,-23.65,0.477,1.117,0.47,6.98,PROFITABLE,509,-63.99,-59.84,0.415,0.682,-1.12,5.66,REJECT
243,Hybrid: High-Beta Alt + BTC Protection,5866,-8.24,-64.92,0.449,0.972,-0.12,21.49,REJECT,1317,-111.27,-179.96,0.38,0.619,-1.24,14.63,REJECT
244,Hybrid: Donchian + ATR SL/TP (2:4),20180,-21.43,-220.0,0.333,0.853,-2.0,73.92,REJECT,3852,-35.04,-220.0,0.312,0.768,-1.52,42.8,REJECT
245,Hybrid: 3-of-4 Confluence Consensus,17986,-64.02,-66.76,0.438,0.756,-2.06,65.88,REJECT,4400,-101.98,-159.73,0.34,0.593,-1.94,48.89,REJECT
246,Hybrid: Multi-Factor Composite >=4.0,14288,-42.92,-71.89,0.44,0.837,-1.3,52.34,REJECT,4082,-80.73,-118.51,0.382,0.648,-1.88,45.36,REJECT
247,Hybrid: Multi-Factor + BTC Bull Gate,12029,-29.54,-57.96,0.45,0.883,-0.77,44.06,REJECT,2723,-118.55,-172.23,0.342,0.537,-1.91,30.26,REJECT
248,Hybrid: Regime-Switching Dual Arm,11265,-9.59,-29.73,0.466,0.956,-0.31,41.26,REJECT,3169,-60.86,-64.57,0.419,0.715,-1.54,35.21,REJECT
249,Hybrid: Conviction Breakout + SL/TP,212,9.98,-70.44,0.462,1.08,0.37,0.78,PROFITABLE,70,10.74,-47.44,0.471,1.09,0.19,0.78,PROFITABLE
250,Master MTF 1d/4h/1h Consensus,5024,-64.06,-84.02,0.405,0.733,-1.68,18.4,REJECT,3835,-13.15,-5.99,0.495,0.926,-0.29,42.61,REJECT
251,DualSq 1.5x Keltner mult=1.0 H=12,4225,15.78,5.58,0.509,1.1,0.71,15.48,PROFITABLE,1667,53.08,15.64,0.531,1.529,1.0,18.52,PROFITABLE
252,DualSq 1.5x Keltner mult=1.0 H=24,3758,34.18,8.54,0.508,1.153,1.07,13.77,PROFITABLE,1455,65.3,37.97,0.54,1.452,1.05,16.17,PROFITABLE
253,DualSq 1.5x Keltner mult=1.0 H=36,3411,59.58,10.7,0.508,1.212,1.39,12.49,PROFITABLE,1300,25.55,37.23,0.538,1.134,0.53,14.44,PROFITABLE
254,DualSq 1.5x Keltner mult=1.25 H=12,3188,28.43,12.62,0.52,1.183,1.08,11.68,PROFITABLE,1316,61.59,9.02,0.518,1.625,0.93,14.62,PROFITABLE
255,DualSq 1.5x Keltner mult=1.25 H=24,2996,51.96,32.84,0.523,1.246,1.42,10.97,PROFITABLE,1212,34.98,22.02,0.521,1.223,0.57,13.47,PROFITABLE
256,DualSq 1.5x Keltner mult=1.25 H=36,2780,82.56,29.04,0.518,1.311,1.65,10.18,PASS_TRAIN,1111,-11.78,6.56,0.509,0.943,-0.22,12.34,REJECT
257,DualSq 1.5x Keltner mult=1.5 H=12,2166,54.08,35.38,0.544,1.359,1.64,7.93,PASS_TRAIN,989,56.75,-4.79,0.487,1.535,0.73,10.99,PROFITABLE
258,DualSq 1.5x Keltner mult=1.5 H=24,2104,64.89,40.87,0.533,1.312,1.54,7.71,PASS_TRAIN,951,2.99,-4.79,0.497,1.018,0.05,10.57,PROFITABLE
259,DualSq 1.5x Keltner mult=1.5 H=36,2009,96.0,51.09,0.53,1.378,1.73,7.36,PASS_TRAIN,882,-61.83,-32.85,0.458,0.724,-1.01,9.8,REJECT
260,DualSq 1.5x Keltner mult=1.75 H=12,1317,61.04,63.09,0.582,1.387,1.5,4.82,PASS_TRAIN,629,27.56,-11.9,0.471,1.231,0.44,6.99,PROFITABLE
261,DualSq 1.5x Keltner mult=1.75 H=24,1304,65.25,70.22,0.552,1.308,1.36,4.78,PROFITABLE,623,-42.51,-50.51,0.453,0.777,-0.78,6.92,REJECT
262,DualSq 1.5x Keltner mult=1.75 H=36,1262,90.3,83.62,0.541,1.348,1.37,4.62,PROFITABLE,595,-100.51,-82.37,0.4,0.602,-1.23,6.61,REJECT
263,DualSq 1.5x Keltner mult=2.0 H=12,798,63.18,72.0,0.584,1.375,1.21,2.92,PROFITABLE,378,-7.6,-27.49,0.442,0.937,-0.16,4.2,REJECT
264,DualSq 1.5x Keltner mult=2.0 H=24,796,55.43,74.19,0.554,1.253,0.96,2.92,PROFITABLE,375,-95.46,-92.83,0.4,0.563,-1.51,4.17,REJECT
265,DualSq 1.5x Keltner mult=2.0 H=36,789,90.08,111.51,0.553,1.338,1.17,2.89,PROFITABLE,355,-146.51,-122.67,0.369,0.521,-1.15,3.94,REJECT
266,DualSq + 4h 50EMA Bull H=18,1326,143.27,116.97,0.608,1.933,2.47,4.86,PASS_TRAIN,674,88.29,40.82,0.547,1.754,0.86,7.49,PROFITABLE
267,DualSq + 4h 50EMA Bull H=24,1298,120.54,94.89,0.579,1.668,2.41,4.75,PASS_TRAIN,663,26.24,11.86,0.513,1.164,0.34,7.37,PROFITABLE
268,DualSq + 1d 100SMA Bull H=18,1145,148.01,119.47,0.609,2.014,2.27,4.19,PASS_TRAIN,677,83.57,43.43,0.554,1.743,0.81,7.52,PROFITABLE
269,DualSq + 1d 100SMA Bull H=24,1119,121.98,107.03,0.587,1.699,2.19,4.1,PASS_TRAIN,665,30.89,44.39,0.549,1.207,0.39,7.39,PROFITABLE
270,DualSq + BTC 4h Bull Gate H=18,1257,142.72,104.94,0.605,1.877,2.13,4.6,PASS_TRAIN,607,55.92,-4.25,0.493,1.394,0.48,6.74,PROFITABLE
271,DualSq + BTC 4h Bull Gate H=24,1237,140.14,90.7,0.578,1.758,2.16,4.53,PASS_TRAIN,598,14.43,13.73,0.513,1.082,0.16,6.64,PROFITABLE
272,DualSq + Dual 4h + BTC Bull Gate H=18,1280,157.41,126.5,0.621,2.117,2.63,4.69,PASS_TRAIN,696,77.3,39.99,0.543,1.639,0.77,7.73,PROFITABLE
273,DualSq + Dual 4h + BTC Bull Gate H=24,1254,140.88,114.14,0.592,1.843,2.71,4.59,PASS_TRAIN,688,27.27,41.93,0.544,1.172,0.34,7.64,PROFITABLE
274,DualSq + 1d+4h Macro Bull H=18,1180,132.69,115.62,0.604,1.874,2.07,4.32,PASS_TRAIN,689,94.68,53.03,0.565,1.881,0.93,7.66,PROFITABLE
275,DualSq + 1d+4h Macro Bull H=24,1154,111.75,106.27,0.581,1.623,2.02,4.23,PASS_TRAIN,677,43.64,53.21,0.561,1.303,0.55,7.52,PROFITABLE
276,DualSq + Vol>1.2x H=18,1755,96.09,68.34,0.565,1.548,2.02,6.43,PASS_TRAIN,835,28.17,9.91,0.511,1.205,0.45,9.28,PROFITABLE
277,DualSq + Vol>1.2x H=24,1730,66.51,57.23,0.539,1.321,1.56,6.34,PASS_TRAIN,824,-23.64,-33.54,0.473,0.869,-0.41,9.16,REJECT
278,DualSq + Vol>1.5x H=18,1450,102.4,73.17,0.57,1.592,2.07,5.31,PASS_TRAIN,720,16.91,13.92,0.517,1.119,0.32,8.0,PROFITABLE
279,DualSq + Vol>1.5x H=24,1431,64.8,62.31,0.544,1.31,1.46,5.24,PROFITABLE,709,-34.07,-46.57,0.458,0.818,-0.64,7.88,REJECT
280,DualSq + Vol>2.0x H=18,1007,92.58,79.14,0.569,1.506,1.74,3.69,PASS_TRAIN,535,-11.7,-6.17,0.493,0.924,-0.26,5.94,REJECT
281,DualSq + Vol>2.0x H=24,998,53.72,68.8,0.543,1.249,1.09,3.66,PROFITABLE,528,-60.12,-68.33,0.428,0.704,-1.12,5.87,REJECT
282,DualSq + Vol>2.5x H=18,696,82.69,89.89,0.572,1.41,1.34,2.55,PROFITABLE,389,-33.73,-32.0,0.47,0.798,-0.68,4.32,REJECT
283,DualSq + Vol>2.5x H=24,694,35.45,71.47,0.549,1.153,0.66,2.54,PROFITABLE,385,-91.25,-115.95,0.377,0.595,-1.54,4.28,REJECT
284,DualSq + Vol>3.0x H=18,459,91.24,100.87,0.571,1.424,1.2,1.68,PROFITABLE,286,-55.85,-74.06,0.43,0.689,-0.96,3.18,REJECT
285,DualSq + Vol>3.0x H=24,458,49.26,87.79,0.555,1.207,0.8,1.68,PROFITABLE,283,-113.8,-133.3,0.35,0.527,-1.68,3.14,REJECT
286,DualSq + Taker>55% H=18,1016,98.62,79.97,0.582,1.628,1.73,3.72,PASS_TRAIN,568,66.09,33.04,0.539,1.574,0.96,6.31,PROFITABLE
287,DualSq + Taker>55% H=24,1006,73.36,57.54,0.553,1.405,1.59,3.68,PASS_TRAIN,561,29.04,44.39,0.544,1.193,0.46,6.23,PROFITABLE
288,DualSq + Taker>60% H=18,291,120.59,74.22,0.584,1.919,1.53,1.07,PASS_TRAIN,234,52.74,31.98,0.526,1.43,0.82,2.6,PROFITABLE
289,DualSq + Taker>60% H=24,288,102.18,45.33,0.559,1.686,1.63,1.05,PASS_TRAIN,233,18.82,55.44,0.571,1.121,0.28,2.59,PROFITABLE
290,DualSq + Taker>65% H=18,59,217.13,105.79,0.678,4.529,2.37,0.22,PASS_TRAIN,72,40.51,-10.09,0.472,1.373,0.67,0.8,PROFITABLE
291,DualSq + Taker>65% H=24,58,237.51,169.39,0.69,4.69,2.5,0.21,PASS_TRAIN,72,103.29,80.25,0.597,1.949,1.44,0.8,PROFITABLE
292,DualSq + Taker>70% H=18,12,106.59,40.04,0.5,3.976,1.24,0.04,PROFITABLE,17,57.63,-65.51,0.412,1.502,0.51,0.19,PROFITABLE
293,DualSq + Taker>70% H=24,12,106.5,16.71,0.5,4.008,1.25,0.04,PROFITABLE,17,169.68,62.99,0.588,3.631,1.2,0.19,PROFITABLE
294,DualSq + Taker>75% H=18,3,48.46,104.94,0.667,2.126,0.53,0.01,PROFITABLE,7,35.63,101.37,0.571,1.394,0.33,0.08,PROFITABLE
295,DualSq + Taker>75% H=24,3,120.82,98.48,0.667,5.461,0.98,0.01,PROFITABLE,7,127.85,119.55,0.857,3.553,1.17,0.08,PROFITABLE
296,BBW LB=168 pinch=1.05 Break,2268,-28.12,-27.17,0.474,0.88,-0.61,8.31,REJECT,800,-26.4,-2.41,0.495,0.836,-0.65,8.89,REJECT
297,BBW LB=168 pinch=1.15 Break,3882,-29.57,-27.54,0.473,0.874,-0.7,14.22,REJECT,1355,-22.96,-6.67,0.491,0.86,-0.61,15.06,REJECT
298,BBW LB=168 pinch=1.25 Break,5130,-29.69,-27.76,0.474,0.875,-0.75,18.79,REJECT,1806,-25.31,-17.53,0.481,0.849,-0.71,20.07,REJECT
299,BBW LB=336 pinch=1.05 Break,1267,-41.98,-39.9,0.446,0.825,-0.72,4.64,REJECT,493,7.6,13.69,0.525,1.051,0.17,5.48,PROFITABLE
300,BBW LB=336 pinch=1.15 Break,2279,-39.1,-35.29,0.455,0.835,-0.73,8.35,REJECT,837,-1.81,13.11,0.516,0.988,-0.04,9.3,REJECT
301,BBW LB=336 pinch=1.25 Break,3189,-33.07,-30.99,0.464,0.857,-0.68,11.68,REJECT,1166,-7.42,9.46,0.514,0.954,-0.17,12.96,REJECT
302,BBW LB=720 pinch=1.05 Break,653,-33.23,-34.72,0.452,0.85,-0.57,2.39,REJECT,256,28.01,60.84,0.574,1.21,0.55,2.84,PROFITABLE
303,BBW LB=720 pinch=1.15 Break,1227,-4.67,-24.9,0.465,0.978,-0.09,4.49,REJECT,457,0.07,43.08,0.549,1.001,0.0,5.08,PROFITABLE
304,BBW LB=720 pinch=1.25 Break,1881,-9.56,-20.0,0.473,0.954,-0.19,6.89,REJECT,667,-2.02,14.6,0.519,0.987,-0.04,7.41,REJECT
305,BBW Compression Variant 305,1922,1.58,-4.82,0.493,1.009,0.03,7.04,PROFITABLE,677,38.75,57.88,0.594,1.339,0.92,7.52,PROFITABLE
306,ATR Ratio 14/72 <0.65 Break,89,14.18,-16.11,0.472,1.063,0.17,0.33,PROFITABLE,60,-89.46,-16.53,0.467,0.546,-1.32,0.67,REJECT
307,ATR Ratio 14/72 <0.7 Break,235,-57.93,-104.61,0.383,0.796,-0.8,0.86,REJECT,214,-110.9,-111.52,0.336,0.516,-1.14,2.38,REJECT
308,ATR Ratio 14/72 <0.75 Break,543,-17.32,-71.42,0.425,0.93,-0.33,1.99,REJECT,468,-166.03,-119.25,0.316,0.346,-2.02,5.2,REJECT
309,ATR Ratio 14/72 <0.8 Break,967,-59.18,-85.28,0.414,0.781,-1.17,3.54,REJECT,797,-157.87,-146.92,0.331,0.394,-2.02,8.86,REJECT
310,ATR Ratio 14/72 <0.85 Break,1662,-80.84,-99.41,0.406,0.709,-1.73,6.09,REJECT,1145,-136.96,-140.07,0.352,0.472,-1.83,12.72,REJECT
311,ATR Ratio 14/168 <0.65 Break,396,-7.7,-24.13,0.487,0.969,-0.1,1.45,REJECT,321,-112.36,-95.01,0.361,0.497,-1.79,3.57,REJECT
312,ATR Ratio 14/168 <0.7 Break,735,-58.36,-80.74,0.426,0.787,-0.97,2.69,REJECT,633,-184.89,-185.31,0.284,0.316,-2.28,7.03,REJECT
313,ATR Ratio 14/168 <0.75 Break,1131,-53.21,-78.45,0.422,0.796,-0.91,4.14,REJECT,998,-205.77,-207.01,0.287,0.278,-2.55,11.09,REJECT
314,ATR Ratio 14/168 <0.8 Break,1837,-63.45,-62.26,0.438,0.769,-1.19,6.73,REJECT,1256,-179.08,-156.77,0.33,0.348,-2.41,13.96,REJECT
315,ATR Ratio 14/168 <0.85 Break,2545,-64.13,-83.88,0.435,0.77,-1.28,9.32,REJECT,1417,-129.64,-128.46,0.371,0.482,-1.93,15.74,REJECT
316,HV12 Pinch exp=1.2x Break,5663,-1.48,-20.0,0.483,0.994,-0.05,20.74,REJECT,1922,0.59,9.09,0.513,1.003,0.01,21.36,PROFITABLE
317,HV12 Pinch exp=1.4x Break,1951,-13.62,-55.29,0.458,0.944,-0.39,7.15,REJECT,853,-64.36,-40.3,0.45,0.71,-1.2,9.48,REJECT
318,HV12 Pinch exp=1.6x Break,812,-37.43,-63.47,0.445,0.86,-0.78,2.97,REJECT,466,-125.69,-104.3,0.399,0.506,-1.67,5.18,REJECT
319,HV24 Pinch exp=1.2x Break,2371,7.49,-31.63,0.481,1.029,0.18,8.68,PROFITABLE,1233,-114.47,-118.99,0.379,0.515,-1.75,13.7,REJECT
320,HV24 Pinch exp=1.4x Break,491,5.58,-61.37,0.468,1.02,0.07,1.8,PROFITABLE,486,-257.6,-252.55,0.243,0.221,-1.73,5.4,REJECT
321,HV24 Pinch exp=1.6x Break,203,20.71,-79.55,0.463,1.067,0.18,0.74,PROFITABLE,278,-316.88,-347.56,0.241,0.181,-1.42,3.09,REJECT
322,HV48 Pinch exp=1.2x Break,1248,-7.98,-50.0,0.47,0.972,-0.1,4.57,REJECT,663,-173.17,-181.79,0.318,0.354,-2.24,7.37,REJECT
323,HV48 Pinch exp=1.4x Break,209,-108.27,-236.54,0.383,0.711,-0.85,0.77,REJECT,217,-85.07,-45.54,0.47,0.625,-0.65,2.41,REJECT
324,HV48 Pinch exp=1.6x Break,60,-154.15,-339.48,0.367,0.69,-0.86,0.22,REJECT,124,48.15,118.76,0.653,1.321,0.32,1.38,PROFITABLE
325,HV Variant 325,60,-127.58,-271.57,0.4,0.714,-0.76,0.22,REJECT,124,87.68,171.35,0.677,1.697,0.52,1.38,PROFITABLE
326,CHOP<32 Momentum Cross H=18,98,-76.25,-113.41,0.418,0.804,-0.66,0.36,REJECT,48,-74.62,-71.93,0.438,0.766,-0.58,0.53,REJECT
327,CHOP<32 Momentum Cross H=24,98,-55.78,-140.14,0.388,0.859,-0.47,0.36,REJECT,48,-97.92,-46.99,0.417,0.671,-0.85,0.53,REJECT
328,CHOP<35 Momentum Cross H=18,254,-79.74,-87.46,0.433,0.763,-0.95,0.93,REJECT,150,-17.07,-9.37,0.487,0.913,-0.22,1.67,REJECT
329,CHOP<35 Momentum Cross H=24,253,-103.54,-116.13,0.419,0.713,-1.23,0.93,REJECT,150,4.49,-28.87,0.467,1.022,0.05,1.67,PROFITABLE
330,CHOP<38 Momentum Cross H=18,608,-96.61,-95.41,0.408,0.694,-1.54,2.23,REJECT,365,-18.48,-14.18,0.488,0.899,-0.29,4.06,REJECT
331,CHOP<38 Momentum Cross H=24,603,-127.22,-156.55,0.38,0.638,-2.07,2.21,REJECT,363,-6.97,-45.98,0.46,0.962,-0.11,4.03,REJECT
332,CHOP<40 Momentum Cross H=18,1094,-64.74,-74.98,0.435,0.769,-1.27,4.01,REJECT,621,-26.89,-40.56,0.462,0.847,-0.5,6.9,REJECT
333,CHOP<40 Momentum Cross H=24,1085,-94.22,-116.13,0.409,0.705,-1.83,3.97,REJECT,617,-32.18,-56.55,0.444,0.829,-0.64,6.86,REJECT
334,CHOP<42 Momentum Cross H=18,1863,-49.44,-51.77,0.447,0.809,-1.09,6.82,REJECT,958,-31.87,-40.89,0.457,0.821,-0.67,10.64,REJECT
335,CHOP<42 Momentum Cross H=24,1838,-87.76,-104.18,0.418,0.713,-1.8,6.73,REJECT,948,-38.65,-46.27,0.457,0.801,-0.86,10.53,REJECT
336,DualSq SL=1.5% TP=3.0% H=24,2387,7.95,-170.0,0.403,1.08,0.66,8.74,PROFITABLE,1064,8.02,-170.0,0.401,1.08,0.32,11.82,PROFITABLE
337,DualSq SL=1.5% TP=3.0% H=36,2384,9.07,-170.0,0.401,1.09,0.73,8.73,PROFITABLE,1062,9.58,-170.0,0.399,1.095,0.39,11.8,PROFITABLE
338,DualSq SL=2.0% TP=4.0% H=24,2311,26.14,-220.0,0.428,1.221,1.4,8.47,PROFITABLE,1042,6.37,-220.0,0.397,1.05,0.19,11.58,PROFITABLE
339,DualSq SL=2.0% TP=4.0% H=36,2304,28.96,-220.0,0.422,1.236,1.5,8.44,PASS_TRAIN,1036,6.93,-220.0,0.387,1.053,0.2,11.51,PROFITABLE
340,DualSq SL=2.5% TP=5.0% H=24,2277,42.14,-115.58,0.451,1.31,1.67,8.34,PASS_TRAIN,1027,10.15,-203.7,0.411,1.07,0.26,11.41,PROFITABLE
341,DualSq SL=2.5% TP=5.0% H=36,2266,49.22,-270.0,0.443,1.345,1.85,8.3,PASS_TRAIN,1015,7.05,-270.0,0.4,1.046,0.18,11.28,PROFITABLE
342,DualSq SL=3.0% TP=6.0% H=24,2242,55.98,-56.66,0.47,1.374,1.88,8.21,PASS_TRAIN,1009,15.76,-111.12,0.43,1.103,0.31,11.21,PROFITABLE
343,DualSq SL=3.0% TP=6.0% H=36,2224,65.9,-146.83,0.456,1.411,2.08,8.15,PASS_TRAIN,992,8.91,-228.99,0.417,1.053,0.17,11.02,PROFITABLE
344,DualSq SL=3.5% TP=7.0% H=24,2207,67.14,-31.68,0.482,1.415,2.06,8.08,PASS_TRAIN,998,19.03,-75.2,0.448,1.12,0.33,11.09,PROFITABLE
345,DualSq SL=3.5% TP=7.0% H=36,2182,77.69,-82.03,0.467,1.439,2.22,7.99,PASS_TRAIN,974,7.6,-131.26,0.425,1.042,0.12,10.82,PROFITABLE
346,Squeeze False Break Fade H=12,39933,-31.02,-15.7,0.481,0.824,-2.11,146.27,REJECT,12299,-20.37,0.58,0.501,0.85,-1.11,136.66,REJECT
347,Squeeze False Break Fade H=18,32698,-20.31,-8.41,0.491,0.904,-1.03,119.77,REJECT,10287,-23.81,-13.2,0.484,0.859,-1.02,114.3,REJECT
348,Squeeze False Break Fade H=24,27595,-24.32,-1.14,0.499,0.9,-1.1,101.08,REJECT,8554,-13.03,-10.98,0.487,0.93,-0.47,95.04,REJECT
349,Squeeze False Break Fade H=30,23864,-23.89,9.17,0.508,0.911,-0.95,87.41,REJECT,7491,-20.46,-21.0,0.475,0.902,-0.61,83.23,REJECT
350,Squeeze False Break Fade H=36,21032,-34.3,3.75,0.503,0.885,-1.22,77.04,REJECT,6679,-0.58,-20.0,0.478,0.997,-0.01,74.21,REJECT
351,Taker Persist 2b >57% H=18,8247,3.15,-9.96,0.489,1.019,0.15,30.21,PROFITABLE,4277,6.55,0.28,0.502,1.046,0.29,47.52,PROFITABLE
352,Taker Persist 2b >57% H=24,7659,4.88,-19.17,0.477,1.025,0.19,28.05,PROFITABLE,3877,5.97,16.99,0.521,1.036,0.23,43.08,PROFITABLE
353,Taker Persist 2b >62% H=18,1544,-5.2,-17.73,0.477,0.965,-0.25,5.66,REJECT,1223,30.37,14.34,0.515,1.252,1.21,13.59,PROFITABLE
354,Taker Persist 2b >62% H=24,1497,3.26,-20.0,0.474,1.019,0.12,5.48,PROFITABLE,1168,18.87,12.0,0.519,1.134,0.67,12.98,PROFITABLE
355,Taker Persist 2b >66% H=18,250,-4.92,-11.59,0.48,0.965,-0.16,0.92,REJECT,344,35.79,4.31,0.506,1.302,1.16,3.82,PROFITABLE
356,Taker Persist 2b >66% H=24,245,20.23,-11.74,0.473,1.133,0.56,0.9,PROFITABLE,329,20.19,9.73,0.517,1.141,0.58,3.66,PROFITABLE
357,Taker Persist 3b >57% H=18,1785,5.53,-16.2,0.482,1.036,0.25,6.54,PROFITABLE,1168,31.76,24.74,0.531,1.253,1.19,12.98,PROFITABLE
358,Taker Persist 3b >57% H=24,1744,13.02,-9.16,0.491,1.073,0.43,6.39,PROFITABLE,1130,24.94,43.47,0.548,1.168,0.77,12.56,PROFITABLE
359,Taker Persist 3b >62% H=18,160,40.82,23.38,0.525,1.338,1.15,0.59,PROFITABLE,222,34.15,23.13,0.536,1.3,0.94,2.47,PROFITABLE
360,Taker Persist 3b >62% H=24,159,31.87,5.08,0.522,1.243,0.85,0.58,PROFITABLE,216,16.17,9.8,0.519,1.115,0.42,2.4,PROFITABLE
361,Taker Persist 3b >66% H=18,11,64.22,18.06,0.727,1.95,0.77,0.04,PROFITABLE,55,59.29,15.78,0.509,1.495,0.76,0.61,PROFITABLE
362,Taker Persist 3b >66% H=24,11,146.25,120.08,0.727,4.34,1.76,0.04,PROFITABLE,54,110.33,2.39,0.5,1.984,1.34,0.6,PROFITABLE
363,Taker Persist 4b >57% H=18,369,-5.78,-20.93,0.482,0.962,-0.19,1.35,REJECT,289,7.73,-1.83,0.498,1.06,0.2,3.21,PROFITABLE
364,Taker Persist 4b >57% H=24,365,19.42,-1.84,0.496,1.109,0.45,1.34,PROFITABLE,288,20.04,42.25,0.542,1.135,0.45,3.2,PROFITABLE
365,Taker Persist 4b >62% H=18,18,14.54,-37.15,0.444,1.132,0.18,0.07,PROFITABLE,46,66.17,16.64,0.522,1.778,0.79,0.51,PROFITABLE
366,Taker Surge QV>2.0x at Level H=12,1382,20.09,-6.68,0.489,1.181,0.96,5.06,PROFITABLE,861,15.56,8.43,0.519,1.154,0.75,9.57,PROFITABLE
367,Taker Surge QV>2.0x at Level H=18,1350,36.35,5.81,0.507,1.269,1.12,4.95,PROFITABLE,829,24.93,19.67,0.515,1.212,0.98,9.21,PROFITABLE
368,Taker Surge QV>2.0x at Level H=24,1321,56.99,-17.53,0.481,1.349,1.2,4.84,PROFITABLE,810,3.9,11.81,0.525,1.025,0.12,9.0,PROFITABLE
369,Taker Surge QV>3.0x at Level H=12,327,-17.79,-4.02,0.486,0.849,-0.73,1.2,REJECT,259,10.88,-9.64,0.479,1.111,0.42,2.88,PROFITABLE
370,Taker Surge QV>3.0x at Level H=18,323,8.35,-20.93,0.461,1.06,0.18,1.18,PROFITABLE,256,16.14,-6.35,0.484,1.141,0.51,2.84,PROFITABLE
371,Taker Surge QV>3.0x at Level H=24,319,34.62,-20.46,0.464,1.211,0.5,1.17,PROFITABLE,253,-12.22,0.05,0.502,0.924,-0.27,2.81,REJECT
372,Taker Surge QV>4.0x at Level H=12,108,-28.45,-20.36,0.435,0.748,-0.94,0.4,REJECT,76,48.63,-22.13,0.461,1.577,1.25,0.84,PROFITABLE
373,Taker Surge QV>4.0x at Level H=18,107,-26.72,-43.09,0.374,0.795,-0.68,0.39,REJECT,75,10.42,-42.83,0.467,1.078,0.21,0.83,PROFITABLE
374,Taker Surge QV>4.0x at Level H=24,107,17.13,-31.81,0.439,1.126,0.31,0.39,PROFITABLE,74,-13.09,-42.86,0.459,0.928,-0.19,0.82,REJECT
375,Level Taker Surge Variant 375,107,17.13,-31.81,0.439,1.126,0.31,0.39,PROFITABLE,74,-13.09,-42.86,0.459,0.928,-0.19,0.82,REJECT
376,Level Taker Surge Variant 376,107,17.13,-31.81,0.439,1.126,0.31,0.39,PROFITABLE,74,-13.09,-42.86,0.459,0.928,-0.19,0.82,REJECT
377,Level Taker Surge Variant 377,107,17.13,-31.81,0.439,1.126,0.31,0.39,PROFITABLE,74,-13.09,-42.86,0.459,0.928,-0.19,0.82,REJECT
378,Level Taker Surge Variant 378,107,17.13,-31.81,0.439,1.126,0.31,0.39,PROFITABLE,74,-13.09,-42.86,0.459,0.928,-0.19,0.82,REJECT
379,Level Taker Surge Variant 379,107,17.13,-31.81,0.439,1.126,0.31,0.39,PROFITABLE,74,-13.09,-42.86,0.459,0.928,-0.19,0.82,REJECT
380,Level Taker Surge Variant 380,107,17.13,-31.81,0.439,1.126,0.31,0.39,PROFITABLE,74,-13.09,-42.86,0.459,0.928,-0.19,0.82,REJECT
381,Inst Block QV>2.0x Cnt<0.7x H=18,1,-50.03,-50.03,0.0,0.0,-50030239661.38,0.0,REJECT,6,75.38,101.26,0.5,1.457,0.35,0.07,PROFITABLE
382,Inst Block QV>2.0x Cnt<0.7x H=24,1,40.06,40.06,1.0,999.0,40059882679.68,0.0,PROFITABLE,6,182.23,196.04,0.5,2.061,0.73,0.07,PROFITABLE
383,Inst Block QV>2.0x Cnt<0.8x H=18,5,-152.57,-50.03,0.4,0.203,-0.99,0.02,REJECT,14,13.54,24.17,0.5,1.061,0.09,0.16,PROFITABLE
384,Inst Block QV>2.0x Cnt<0.8x H=24,5,-46.78,40.06,0.6,0.758,-0.22,0.02,REJECT,14,68.15,11.08,0.5,1.311,0.38,0.16,PROFITABLE
385,Inst Block QV>2.0x Cnt<0.9x H=18,18,-124.08,-57.51,0.389,0.324,-1.63,0.07,REJECT,28,-6.55,-21.6,0.5,0.966,-0.07,0.31,REJECT
386,Inst Block QV>2.0x Cnt<0.9x H=24,18,-81.88,-3.57,0.5,0.566,-0.95,0.07,REJECT,28,-32.59,11.08,0.5,0.863,-0.29,0.31,REJECT
387,Inst Block QV>2.5x Cnt<0.7x H=18,0,0.0,0.0,0.0,0.0,0.0,0.0,REJECT,3,-330.25,-421.61,0.0,0.0,-2.3,0.03,REJECT
388,Inst Block QV>2.5x Cnt<0.7x H=24,0,0.0,0.0,0.0,0.0,0.0,0.0,REJECT,3,-343.62,-457.5,0.0,0.0,-2.42,0.03,REJECT
389,Inst Block QV>2.5x Cnt<0.8x H=18,0,0.0,0.0,0.0,0.0,0.0,0.0,REJECT,4,-7.5,-235.38,0.25,0.97,-0.02,0.04,REJECT
390,Inst Block QV>2.5x Cnt<0.8x H=24,0,0.0,0.0,0.0,0.0,0.0,0.0,REJECT,4,62.33,-259.44,0.25,1.242,0.15,0.04,PROFITABLE
391,Inst Block QV>2.5x Cnt<0.9x H=18,3,58.34,117.77,0.667,3.693,0.95,0.01,PROFITABLE,10,111.29,-47.55,0.4,1.836,0.74,0.11,PROFITABLE
392,Inst Block QV>2.5x Cnt<0.9x H=24,3,113.36,96.39,0.667,8.206,1.16,0.01,PROFITABLE,10,80.15,30.65,0.5,1.406,0.43,0.11,PROFITABLE
393,Inst Block QV>3.0x Cnt<0.7x H=18,0,0.0,0.0,0.0,0.0,0.0,0.0,REJECT,0,0.0,0.0,0.0,0.0,0.0,0.0,REJECT
394,Inst Block QV>3.0x Cnt<0.7x H=24,0,0.0,0.0,0.0,0.0,0.0,0.0,REJECT,0,0.0,0.0,0.0,0.0,0.0,0.0,REJECT
395,Inst Block QV>3.0x Cnt<0.8x H=18,0,0.0,0.0,0.0,0.0,0.0,0.0,REJECT,0,0.0,0.0,0.0,0.0,0.0,0.0,REJECT
396,Retail FOMO Fade Cnt>2.5x H=12,7,135.63,289.95,0.714,1.798,0.67,0.03,PROFITABLE,21,16.06,-7.47,0.476,1.078,0.11,0.23,PROFITABLE
397,Retail FOMO Fade Cnt>2.5x H=18,7,156.4,133.83,0.571,1.577,0.42,0.03,PROFITABLE,21,49.62,-14.92,0.476,1.22,0.3,0.23,PROFITABLE
398,Retail FOMO Fade Cnt>2.5x H=12,13,-989.92,63.68,0.538,0.142,-1.1,0.05,REJECT,31,10.04,1.56,0.516,1.058,0.1,0.34,PROFITABLE
399,Retail FOMO Fade Cnt>2.5x H=18,13,-980.95,-227.61,0.462,0.239,-1.06,0.05,REJECT,31,78.58,2.68,0.516,1.468,0.66,0.34,PROFITABLE
400,Retail FOMO Fade Cnt>2.5x H=12,22,-511.69,7.2,0.5,0.318,-0.94,0.08,REJECT,47,42.67,37.45,0.532,1.308,0.57,0.52,PROFITABLE
401,Retail FOMO Fade Cnt>2.5x H=18,22,-613.62,-256.62,0.364,0.321,-1.1,0.08,REJECT,47,101.51,88.08,0.596,1.796,1.19,0.52,PROFITABLE
402,Retail FOMO Fade Cnt>3.0x H=12,4,192.58,439.08,0.75,2.003,0.58,0.01,PROFITABLE,10,49.42,67.53,0.5,1.21,0.22,0.11,PROFITABLE
403,Retail FOMO Fade Cnt>3.0x H=18,4,380.52,293.46,0.75,2.411,0.6,0.01,PROFITABLE,10,75.7,-111.46,0.4,1.256,0.28,0.11,PROFITABLE
404,Retail FOMO Fade Cnt>3.0x H=12,7,-1660.09,63.68,0.571,0.086,-1.0,0.03,REJECT,14,-26.16,-80.87,0.429,0.889,-0.15,0.16,REJECT
405,Retail FOMO Fade Cnt>3.0x H=18,7,-1507.52,231.05,0.571,0.221,-0.87,0.03,REJECT,14,56.34,-6.12,0.5,1.245,0.29,0.16,PROFITABLE
406,Retail FOMO Fade Cnt>3.0x H=12,9,-1422.47,-313.26,0.444,0.079,-1.11,0.03,REJECT,18,17.76,34.49,0.5,1.093,0.13,0.2,PROFITABLE
407,Retail FOMO Fade Cnt>3.0x H=18,9,-1345.52,-756.4,0.444,0.198,-1.01,0.03,REJECT,18,105.97,102.26,0.611,1.593,0.7,0.2,PROFITABLE
408,Retail FOMO Fade Cnt>4.0x H=12,1,-768.17,-768.17,0.0,0.0,-768174930658.96,0.0,REJECT,1,-1220.0,-1220.0,0.0,0.0,-1219999708961.69,0.01,REJECT
409,Retail FOMO Fade Cnt>4.0x H=18,1,-1078.39,-1078.39,0.0,0.0,-1078394401242.18,0.0,REJECT,1,-1300.0,-1300.0,0.0,0.0,-1299999592546.36,0.01,REJECT
410,Retail FOMO Fade Cnt>4.0x H=12,3,-4073.34,-768.17,0.333,0.013,-1.08,0.01,REJECT,2,-900.59,-900.59,0.0,0.0,-2.82,0.02,REJECT
411,Taker Absorb dip<-2% tr>60% H=12,1309,-28.85,-43.51,0.449,0.844,-1.08,4.79,REJECT,575,-70.69,-49.99,0.449,0.578,-2.35,6.39,REJECT
412,Taker Absorb dip<-2% tr>60% H=18,1295,-40.0,-46.58,0.454,0.821,-1.24,4.74,REJECT,562,-47.54,-30.91,0.468,0.743,-1.27,6.24,REJECT
413,Taker Absorb dip<-2% tr>65% H=12,181,50.53,34.23,0.525,1.4,1.17,0.66,PROFITABLE,141,-33.12,4.33,0.511,0.748,-0.94,1.57,REJECT
414,Taker Absorb dip<-2% tr>65% H=18,181,25.09,-3.77,0.497,1.166,0.58,0.66,PROFITABLE,140,-31.87,8.32,0.514,0.804,-0.72,1.56,REJECT
415,Taker Absorb dip<-2% tr>70% H=12,18,-131.34,-93.53,0.389,0.319,-1.45,0.07,REJECT,30,-58.14,-50.05,0.433,0.599,-0.93,0.33,REJECT
416,Taker Absorb dip<-2% tr>70% H=18,18,-109.17,-110.13,0.333,0.477,-0.92,0.07,REJECT,30,-88.78,-128.71,0.433,0.544,-1.19,0.33,REJECT
417,Taker Absorb dip<-3% tr>60% H=12,494,-18.24,-54.3,0.443,0.911,-0.48,1.81,REJECT,194,-64.74,-70.2,0.423,0.595,-1.75,2.16,REJECT
418,Taker Absorb dip<-3% tr>60% H=18,493,-36.79,-60.76,0.454,0.847,-0.83,1.81,REJECT,194,-32.04,-38.47,0.454,0.819,-0.66,2.16,REJECT
419,Taker Absorb dip<-3% tr>65% H=12,51,118.67,64.41,0.549,2.081,1.57,0.19,PROFITABLE,43,-34.8,-38.21,0.442,0.742,-0.64,0.48,REJECT
420,Taker Absorb dip<-3% tr>65% H=18,51,34.99,-37.82,0.471,1.249,0.52,0.19,PROFITABLE,43,-7.59,-20.0,0.488,0.947,-0.11,0.48,REJECT
421,Taker Absorb dip<-3% tr>70% H=12,4,-21.97,95.29,0.5,0.879,-0.1,0.01,REJECT,7,-56.1,-64.27,0.286,0.436,-0.87,0.08,REJECT
422,Taker Absorb dip<-3% tr>70% H=18,4,46.02,-137.59,0.25,1.209,0.13,0.01,PROFITABLE,7,-78.99,-20.0,0.429,0.301,-0.79,0.08,REJECT
423,Taker Absorb dip<-4% tr>60% H=12,194,46.77,-24.86,0.49,1.237,0.82,0.71,PROFITABLE,74,-10.64,-31.27,0.473,0.916,-0.25,0.82,REJECT
424,Taker Absorb dip<-4% tr>60% H=18,194,38.93,39.18,0.531,1.182,0.67,0.71,PROFITABLE,74,29.31,-11.81,0.486,1.213,0.48,0.82,PROFITABLE
425,Taker Absorb dip<-4% tr>65% H=12,14,358.04,167.25,0.643,5.241,1.94,0.05,PROFITABLE,13,-86.35,-125.76,0.308,0.396,-1.69,0.14,REJECT
426,Stealth RVOL>3.0x Break H=18,3684,-15.15,-50.93,0.454,0.935,-0.31,13.49,REJECT,1886,-85.26,-82.65,0.412,0.581,-1.88,20.96,REJECT
427,Stealth RVOL>3.0x Break H=24,3646,-27.66,-52.88,0.459,0.891,-0.7,13.36,REJECT,1866,-115.68,-108.25,0.377,0.498,-2.53,20.73,REJECT
428,Stealth RVOL>3.0x Break H=36,3492,-8.66,-31.7,0.474,0.97,-0.18,12.79,REJECT,1744,-87.37,-92.55,0.411,0.639,-1.81,19.38,REJECT
429,Stealth RVOL>4.0x Break H=18,1821,5.56,-48.82,0.46,1.023,0.08,6.67,PROFITABLE,1110,-79.85,-68.07,0.408,0.598,-1.61,12.33,REJECT
430,Stealth RVOL>4.0x Break H=24,1813,-18.69,-55.4,0.455,0.93,-0.36,6.64,REJECT,1105,-119.14,-110.23,0.372,0.481,-2.42,12.28,REJECT
431,Stealth RVOL>4.0x Break H=36,1778,-15.06,-36.59,0.467,0.95,-0.26,6.51,REJECT,1069,-74.2,-88.31,0.411,0.687,-1.27,11.88,REJECT
432,Stealth RVOL>5.0x Break H=18,971,23.49,-45.21,0.462,1.091,0.28,3.56,PROFITABLE,708,-49.19,-45.39,0.422,0.723,-1.09,7.87,REJECT
433,Stealth RVOL>5.0x Break H=24,969,-12.95,-63.83,0.46,0.956,-0.18,3.55,REJECT,705,-89.28,-83.14,0.393,0.566,-2.02,7.83,REJECT
434,Stealth RVOL>5.0x Break H=36,961,-14.24,-61.13,0.461,0.957,-0.18,3.52,REJECT,694,-41.22,-49.35,0.439,0.81,-0.63,7.71,REJECT
435,Stealth RVOL Variant 435,969,-12.95,-63.83,0.46,0.956,-0.18,3.55,REJECT,705,-89.28,-83.14,0.393,0.566,-2.02,7.83,REJECT
436,Stealth RVOL Variant 436,969,-12.95,-63.83,0.46,0.956,-0.18,3.55,REJECT,705,-89.28,-83.14,0.393,0.566,-2.02,7.83,REJECT
437,Stealth RVOL Variant 437,969,-12.95,-63.83,0.46,0.956,-0.18,3.55,REJECT,705,-89.28,-83.14,0.393,0.566,-2.02,7.83,REJECT
438,Stealth RVOL Variant 438,969,-12.95,-63.83,0.46,0.956,-0.18,3.55,REJECT,705,-89.28,-83.14,0.393,0.566,-2.02,7.83,REJECT
439,Stealth RVOL Variant 439,969,-12.95,-63.83,0.46,0.956,-0.18,3.55,REJECT,705,-89.28,-83.14,0.393,0.566,-2.02,7.83,REJECT
440,Stealth RVOL Variant 440,969,-12.95,-63.83,0.46,0.956,-0.18,3.55,REJECT,705,-89.28,-83.14,0.393,0.566,-2.02,7.83,REJECT
441,Vol Climax Pin SL=2.0% TP=4.0% H=18,1766,-35.76,-220.0,0.321,0.753,-1.55,6.47,REJECT,803,90.68,152.98,0.542,1.926,1.1,8.92,PROFITABLE
442,Vol Climax Pin SL=2.0% TP=4.0% H=24,1766,-40.54,-220.0,0.309,0.73,-1.77,6.47,REJECT,803,87.48,112.93,0.526,1.861,1.07,8.92,PROFITABLE
443,Vol Climax Pin SL=2.5% TP=5.0% H=18,1761,-26.95,-270.0,0.348,0.837,-0.92,6.45,REJECT,801,122.38,179.13,0.566,2.091,1.2,8.9,PROFITABLE
444,Vol Climax Pin SL=2.5% TP=5.0% H=24,1761,-34.65,-270.0,0.334,0.803,-1.17,6.45,REJECT,801,117.18,155.82,0.541,1.992,1.17,8.9,PROFITABLE
445,Vol Climax Pin SL=3.0% TP=6.0% H=18,1758,-15.61,-320.0,0.374,0.913,-0.43,6.44,REJECT,795,156.64,224.69,0.595,2.291,1.27,8.83,PROFITABLE
446,Vol Climax Pin SL=3.0% TP=6.0% H=24,1758,-26.61,-320.0,0.357,0.864,-0.7,6.44,REJECT,795,150.13,190.77,0.569,2.171,1.25,8.83,PROFITABLE
447,Vol Climax Pin SL=3.5% TP=7.0% H=18,1752,-0.13,-189.23,0.4,0.999,-0.0,6.42,REJECT,792,175.97,223.34,0.612,2.375,1.26,8.8,PROFITABLE
448,Vol Climax Pin SL=3.5% TP=7.0% H=24,1752,-11.02,-370.0,0.384,0.948,-0.24,6.42,REJECT,792,163.4,167.11,0.578,2.184,1.2,8.8,PROFITABLE
449,Vol Climax Pin SL=4.0% TP=8.0% H=18,1743,3.92,-148.82,0.414,1.019,0.08,6.38,PROFITABLE,790,199.25,239.75,0.625,2.477,1.26,8.78,PROFITABLE
450,Vol Climax Pin SL=4.0% TP=8.0% H=24,1743,-15.02,-420.0,0.39,0.935,-0.29,6.38,REJECT,790,183.11,174.72,0.591,2.245,1.2,8.78,PROFITABLE
451,OI Bear Div LB=24 thr=-3% H=18,572,24.13,48.16,0.556,1.12,0.38,2.1,PROFITABLE,184,-6.15,54.94,0.554,0.969,-0.06,2.04,REJECT
452,OI Bull Div LB=24 thr=3% H=18,361,-9.76,-50.23,0.46,0.953,-0.2,1.32,REJECT,61,-57.25,-141.72,0.377,0.775,-0.57,0.68,REJECT
453,OI Bear Div LB=24 thr=-3% H=24,570,42.56,72.94,0.563,1.179,0.53,2.09,PROFITABLE,183,-13.35,73.98,0.585,0.934,-0.15,2.03,REJECT
454,OI Bull Div LB=24 thr=3% H=24,360,-7.22,-78.07,0.431,0.971,-0.12,1.32,REJECT,61,-159.19,-229.21,0.344,0.507,-1.54,0.68,REJECT
455,OI Bear Div LB=24 thr=-5% H=18,286,54.77,71.28,0.587,1.247,0.53,1.05,PROFITABLE,80,-17.5,58.05,0.55,0.914,-0.16,0.89,REJECT
456,OI Bull Div LB=24 thr=5% H=18,217,17.32,-36.28,0.475,1.076,0.29,0.79,PROFITABLE,34,14.12,-156.82,0.441,1.064,0.13,0.38,PROFITABLE
457,OI Bear Div LB=24 thr=-5% H=24,284,48.06,108.91,0.57,1.167,0.36,1.04,PROFITABLE,79,-20.93,78.25,0.608,0.895,-0.2,0.88,REJECT
458,OI Bull Div LB=24 thr=5% H=24,216,6.97,-54.87,0.449,1.026,0.11,0.79,PROFITABLE,34,-167.33,-255.01,0.324,0.504,-1.29,0.38,REJECT
459,OI Bear Div LB=48 thr=-3% H=18,138,25.08,53.76,0.551,1.12,0.33,0.51,PROFITABLE,42,-0.91,40.48,0.571,0.993,-0.01,0.47,REJECT
460,OI Bull Div LB=48 thr=3% H=18,78,51.64,25.39,0.513,1.252,0.55,0.29,PROFITABLE,12,16.93,-0.42,0.5,1.098,0.11,0.13,PROFITABLE
461,OI Bear Div LB=48 thr=-3% H=24,137,64.15,104.08,0.577,1.284,0.68,0.5,PROFITABLE,42,-15.84,78.3,0.571,0.897,-0.13,0.47,REJECT
462,OI Bull Div LB=48 thr=3% H=24,78,53.83,-11.08,0.5,1.209,0.5,0.29,PROFITABLE,12,-29.67,70.48,0.5,0.868,-0.18,0.13,REJECT
463,OI Bear Div LB=48 thr=-5% H=18,66,158.72,91.45,0.606,1.945,1.52,0.24,PASS_TRAIN,17,30.85,64.75,0.588,1.244,0.3,0.19,PROFITABLE
464,OI Bull Div LB=48 thr=5% H=18,48,23.93,-43.7,0.417,1.107,0.22,0.18,PROFITABLE,5,220.34,136.72,1.0,999.0,1.93,0.06,PROFITABLE
465,OI Bear Div LB=48 thr=-5% H=24,66,184.56,165.59,0.636,1.892,1.44,0.24,PROFITABLE,17,13.93,77.65,0.588,1.116,0.14,0.19,PROFITABLE
466,OI Bull Div LB=48 thr=5% H=24,48,-3.5,-55.7,0.458,0.988,-0.03,0.18,REJECT,5,252.68,183.6,0.8,11.993,1.84,0.06,PROFITABLE
467,Coiled box<2% oi>8% H=18,279,7.79,-25.9,0.484,1.036,0.16,1.02,PROFITABLE,65,-51.78,-21.97,0.492,0.747,-0.7,0.72,REJECT
468,Coiled box<2% oi>8% H=24,279,24.78,-21.56,0.487,1.104,0.46,1.02,PROFITABLE,65,-89.63,-93.45,0.415,0.61,-1.28,0.72,REJECT
469,Coiled box<2% oi>12% H=18,86,-8.5,-47.88,0.453,0.967,-0.08,0.32,REJECT,22,66.72,45.65,0.545,1.538,0.71,0.24,PROFITABLE
470,Coiled box<2% oi>12% H=24,86,63.79,-61.06,0.442,1.239,0.5,0.32,PROFITABLE,22,19.9,-35.92,0.455,1.117,0.2,0.24,PROFITABLE
471,Coiled box<2% oi>16% H=18,39,-175.83,-47.2,0.487,0.553,-1.16,0.14,REJECT,13,-9.51,-98.0,0.462,0.938,-0.09,0.14,REJECT
472,Coiled box<2% oi>16% H=24,39,-88.69,-32.77,0.462,0.762,-0.58,0.14,REJECT,13,-72.19,-66.8,0.385,0.622,-0.65,0.14,REJECT
473,Coiled box<2% oi>8% H=18,378,-31.11,-38.63,0.474,0.863,-0.75,1.38,REJECT,90,-50.8,22.6,0.511,0.772,-0.75,1.0,REJECT
474,Coiled box<2% oi>8% H=24,373,-31.88,-58.25,0.45,0.877,-0.67,1.37,REJECT,90,-88.96,-83.6,0.433,0.647,-1.32,1.0,REJECT
475,Coiled box<2% oi>12% H=18,114,-43.07,-41.79,0.465,0.837,-0.49,0.42,REJECT,34,-43.01,-22.73,0.5,0.801,-0.46,0.38,REJECT
476,Coiled box<2% oi>12% H=24,114,-37.13,-92.22,0.404,0.88,-0.36,0.42,REJECT,34,-90.94,-85.44,0.412,0.655,-0.9,0.38,REJECT
477,Coiled box<2% oi>16% H=18,49,-200.61,-83.57,0.429,0.479,-1.62,0.18,REJECT,14,53.06,-32.91,0.5,1.372,0.45,0.16,PROFITABLE
478,Coiled box<2% oi>16% H=24,49,-173.92,-56.98,0.388,0.584,-1.31,0.18,REJECT,14,0.19,-35.92,0.429,1.001,0.0,0.16,PROFITABLE
479,Coiled box<3% oi>8% H=18,522,-19.97,-34.27,0.481,0.91,-0.48,1.91,REJECT,116,-38.07,-5.97,0.5,0.816,-0.63,1.29,REJECT
480,Coiled box<3% oi>8% H=24,516,-27.28,-57.36,0.457,0.894,-0.59,1.89,REJECT,116,-74.84,-83.6,0.431,0.69,-1.23,1.29,REJECT
481,Liq Flush drop<-10% rsi<22 H=6,175,300.34,300.99,0.68,3.269,0.98,0.64,PROFITABLE,93,5.18,9.97,0.527,1.054,0.07,1.03,PROFITABLE
482,Liq Flush drop<-10% rsi<22 H=12,169,654.9,514.1,0.68,5.533,1.04,0.62,PROFITABLE,92,-15.91,-38.72,0.446,0.872,-0.2,1.02,REJECT
483,Liq Flush drop<-10% rsi<22 H=18,169,1031.61,646.67,0.704,7.126,1.08,0.62,PROFITABLE,91,107.29,173.86,0.67,1.935,0.74,1.01,PROFITABLE
484,Liq Flush drop<-10% rsi<25 H=6,271,254.37,273.14,0.675,2.703,0.94,0.99,PROFITABLE,124,2.18,8.53,0.524,1.024,0.04,1.38,PROFITABLE
485,Liq Flush drop<-10% rsi<25 H=12,261,566.75,401.11,0.67,4.44,1.0,0.96,PROFITABLE,123,-27.93,-45.34,0.407,0.774,-0.46,1.37,REJECT
486,Liq Flush drop<-10% rsi<25 H=18,260,890.19,567.38,0.688,5.783,1.04,0.95,PROFITABLE,122,93.88,146.83,0.631,1.826,0.74,1.36,PROFITABLE
487,Liq Flush drop<-10% rsi<28 H=6,395,154.8,168.51,0.623,1.778,0.64,1.45,PROFITABLE,151,3.4,9.97,0.53,1.038,0.07,1.68,PROFITABLE
488,Liq Flush drop<-10% rsi<28 H=12,370,365.96,183.48,0.603,2.705,0.86,1.36,PROFITABLE,150,-14.74,-36.02,0.44,0.881,-0.25,1.67,REJECT
489,Liq Flush drop<-10% rsi<28 H=18,368,603.3,246.42,0.614,3.505,0.94,1.35,PROFITABLE,149,94.1,119.97,0.617,1.815,0.83,1.66,PROFITABLE
490,Liq Flush drop<-15% rsi<22 H=6,90,561.85,603.73,0.833,7.119,1.02,0.33,PROFITABLE,34,-4.19,12.24,0.529,0.966,-0.03,0.38,REJECT
491,Liq Flush drop<-15% rsi<22 H=12,88,1138.17,1405.44,0.807,11.355,0.98,0.32,PROFITABLE,33,8.04,20.99,0.545,1.056,0.06,0.37,PROFITABLE
492,Liq Flush drop<-15% rsi<22 H=18,88,1745.56,2155.66,0.818,13.492,1.01,0.32,PROFITABLE,33,152.7,216.2,0.727,2.225,0.87,0.37,PROFITABLE
493,Liq Flush drop<-15% rsi<25 H=6,134,467.92,485.53,0.821,4.805,0.95,0.49,PROFITABLE,44,5.46,19.1,0.545,1.053,0.05,0.49,PROFITABLE
494,Liq Flush drop<-15% rsi<25 H=12,131,1019.13,1311.97,0.794,8.616,0.95,0.48,PROFITABLE,43,-16.45,-6.58,0.488,0.882,-0.17,0.48,REJECT
495,Liq Flush drop<-15% rsi<25 H=18,130,1550.65,2031.85,0.785,9.966,0.96,0.48,PROFITABLE,43,133.58,173.86,0.698,2.222,0.91,0.48,PROFITABLE
496,ShortSqueeze oi>8% fr<-0.0002 H=18,545,41.48,-79.64,0.453,1.129,0.62,2.0,PROFITABLE,205,-102.99,-184.51,0.361,0.658,-1.89,2.28,REJECT
497,ShortSqueeze oi>8% fr<-0.0002 H=24,527,42.37,-135.19,0.417,1.118,0.55,1.93,PROFITABLE,198,-67.83,-167.25,0.348,0.78,-1.14,2.2,REJECT
498,ShortSqueeze oi>8% fr<-0.0004 H=18,287,-24.11,-180.93,0.404,0.937,-0.34,1.05,REJECT,96,-163.0,-309.52,0.281,0.591,-1.91,1.07,REJECT
499,ShortSqueeze oi>8% fr<-0.0004 H=24,278,-8.03,-209.28,0.388,0.981,-0.1,1.02,REJECT,92,-187.19,-305.77,0.283,0.57,-2.13,1.02,REJECT
500,ShortSqueeze oi>8% fr<-0.0006 H=18,188,-51.73,-170.7,0.394,0.875,-0.64,0.69,REJECT,53,-138.87,-300.32,0.283,0.654,-1.17,0.59,REJECT
501,ShortSqueeze oi>8% fr<-0.0006 H=24,182,-22.31,-224.87,0.407,0.951,-0.25,0.67,REJECT,50,-133.6,-338.99,0.32,0.704,-1.04,0.56,REJECT
502,ShortSqueeze oi>12% fr<-0.0002 H=18,423,67.1,-60.69,0.47,1.197,0.89,1.55,PROFITABLE,144,-162.66,-245.92,0.34,0.562,-2.39,1.6,REJECT
503,ShortSqueeze oi>12% fr<-0.0002 H=24,405,80.03,-144.39,0.427,1.212,0.89,1.48,PROFITABLE,137,-110.58,-249.89,0.358,0.705,-1.5,1.52,REJECT
504,ShortSqueeze oi>12% fr<-0.0004 H=18,242,-25.8,-191.18,0.409,0.937,-0.34,0.89,REJECT,77,-171.48,-309.74,0.325,0.599,-1.89,0.86,REJECT
505,ShortSqueeze oi>12% fr<-0.0004 H=24,232,16.22,-238.91,0.388,1.036,0.18,0.85,PROFITABLE,73,-196.16,-322.29,0.329,0.578,-2.09,0.81,REJECT
506,ShortSqueeze oi>12% fr<-0.0006 H=18,164,-68.24,-197.79,0.384,0.847,-0.79,0.6,REJECT,48,-142.08,-321.81,0.292,0.67,-1.06,0.53,REJECT
507,ShortSqueeze oi>12% fr<-0.0006 H=24,158,-28.71,-309.95,0.399,0.94,-0.29,0.58,REJECT,45,-132.95,-375.9,0.333,0.724,-0.93,0.5,REJECT
508,ShortSqueeze oi>15% fr<-0.0002 H=18,363,71.59,-64.17,0.463,1.202,0.88,1.33,PROFITABLE,124,-225.45,-344.76,0.29,0.457,-3.4,1.38,REJECT
509,ShortSqueeze oi>15% fr<-0.0002 H=24,346,100.67,-162.73,0.431,1.254,1.03,1.27,PROFITABLE,117,-161.64,-282.78,0.333,0.611,-2.11,1.3,REJECT
510,ShortSqueeze oi>15% fr<-0.0004 H=18,219,-26.84,-161.41,0.402,0.936,-0.33,0.8,REJECT,72,-195.37,-344.76,0.292,0.554,-2.23,0.8,REJECT
511,LongSqueeze oi>8% fr>0.0003 H=18,20,467.93,535.09,0.65,4.185,2.55,0.07,PROFITABLE,1,135.73,135.73,1.0,999.0,135731777962.05,0.01,PROFITABLE
512,LongSqueeze oi>8% fr>0.0003 H=24,20,533.97,374.64,0.7,4.655,2.22,0.07,PROFITABLE,1,608.03,608.03,1.0,999.0,608031434716.07,0.01,PROFITABLE
513,LongSqueeze oi>8% fr>0.0005 H=18,10,593.15,739.34,0.8,5.474,2.02,0.04,PROFITABLE,0,0.0,0.0,0.0,0.0,0.0,0.0,REJECT
514,LongSqueeze oi>8% fr>0.0005 H=24,10,499.86,348.93,0.7,3.893,1.42,0.04,PROFITABLE,0,0.0,0.0,0.0,0.0,0.0,0.0,REJECT
515,LongSqueeze oi>8% fr>0.0008 H=18,4,1105.61,1035.69,1.0,999.0,2.26,0.01,PROFITABLE,0,0.0,0.0,0.0,0.0,0.0,0.0,REJECT
516,LongSqueeze oi>8% fr>0.0008 H=24,4,796.46,292.9,0.75,20.667,1.2,0.01,PROFITABLE,0,0.0,0.0,0.0,0.0,0.0,0.0,REJECT
517,LongSqueeze oi>12% fr>0.0003 H=18,18,553.39,684.76,0.611,6.286,2.86,0.07,PROFITABLE,1,135.73,135.73,1.0,999.0,135731777962.05,0.01,PROFITABLE
518,LongSqueeze oi>12% fr>0.0003 H=24,18,668.84,482.45,0.778,8.708,2.84,0.07,PROFITABLE,1,608.03,608.03,1.0,999.0,608031434716.07,0.01,PROFITABLE
519,LongSqueeze oi>12% fr>0.0005 H=18,8,848.94,747.5,0.875,210.172,3.2,0.03,PROFITABLE,0,0.0,0.0,0.0,0.0,0.0,0.0,REJECT
520,LongSqueeze oi>12% fr>0.0005 H=24,8,820.53,557.5,0.875,41.523,2.5,0.03,PROFITABLE,0,0.0,0.0,0.0,0.0,0.0,0.0,REJECT
521,LongSqueeze oi>12% fr>0.0008 H=18,4,1105.61,1035.69,1.0,999.0,2.26,0.01,PROFITABLE,0,0.0,0.0,0.0,0.0,0.0,0.0,REJECT
522,LongSqueeze oi>12% fr>0.0008 H=24,4,796.46,292.9,0.75,20.667,1.2,0.01,PROFITABLE,0,0.0,0.0,0.0,0.0,0.0,0.0,REJECT
523,LongSqueeze oi>15% fr>0.0003 H=18,18,547.03,684.76,0.611,6.225,2.82,0.07,PROFITABLE,0,0.0,0.0,0.0,0.0,0.0,0.0,REJECT
524,LongSqueeze oi>15% fr>0.0003 H=24,18,601.94,482.45,0.722,5.008,2.34,0.07,PROFITABLE,0,0.0,0.0,0.0,0.0,0.0,0.0,REJECT
525,LongSqueeze oi>15% fr>0.0005 H=18,8,848.94,747.5,0.875,210.172,3.2,0.03,PROFITABLE,0,0.0,0.0,0.0,0.0,0.0,0.0,REJECT
526,OI Velocity>2.5x Follow H=12,24768,-14.87,-35.28,0.459,0.922,-0.76,90.73,REJECT,8711,-22.59,-36.91,0.446,0.854,-0.89,96.79,REJECT
527,OI Velocity>2.5x Follow H=18,21912,-11.63,-32.2,0.47,0.948,-0.52,80.26,REJECT,7705,-25.21,-27.34,0.472,0.859,-0.9,85.61,REJECT
528,OI Velocity>2.5x Follow H=24,19887,-21.11,-49.18,0.459,0.918,-0.87,72.85,REJECT,7038,-36.87,-45.74,0.45,0.811,-1.41,78.2,REJECT
529,OI Velocity>3.0x Follow H=12,16938,-14.92,-36.91,0.458,0.925,-0.69,62.04,REJECT,6400,-31.51,-53.28,0.431,0.808,-1.12,71.11,REJECT
530,OI Velocity>3.0x Follow H=18,15516,-11.98,-28.68,0.474,0.948,-0.47,56.84,REJECT,5911,-36.04,-40.34,0.457,0.808,-1.21,65.68,REJECT
531,OI Velocity>3.0x Follow H=24,14572,-29.01,-61.39,0.451,0.894,-1.02,53.38,REJECT,5566,-59.75,-69.03,0.428,0.712,-2.14,61.84,REJECT
532,OI Velocity>4.0x Follow H=12,8106,-12.61,-37.23,0.46,0.94,-0.49,29.69,REJECT,3519,-52.61,-80.01,0.407,0.712,-1.51,39.1,REJECT
533,OI Velocity>4.0x Follow H=18,7780,-28.33,-35.13,0.469,0.892,-0.75,28.5,REJECT,3402,-65.63,-68.54,0.423,0.682,-1.82,37.8,REJECT
534,OI Velocity>4.0x Follow H=24,7549,-38.68,-73.93,0.444,0.872,-0.9,27.65,REJECT,3314,-100.05,-108.15,0.376,0.569,-2.94,36.82,REJECT
535,OI Velocity Variant 535,7780,-28.33,-35.13,0.469,0.892,-0.75,28.5,REJECT,3402,-65.63,-68.54,0.423,0.682,-1.82,37.8,REJECT
536,OI Velocity Variant 536,7780,-28.33,-35.13,0.469,0.892,-0.75,28.5,REJECT,3402,-65.63,-68.54,0.423,0.682,-1.82,37.8,REJECT
537,OI Velocity Variant 537,7780,-28.33,-35.13,0.469,0.892,-0.75,28.5,REJECT,3402,-65.63,-68.54,0.423,0.682,-1.82,37.8,REJECT
538,OI Velocity Variant 538,7780,-28.33,-35.13,0.469,0.892,-0.75,28.5,REJECT,3402,-65.63,-68.54,0.423,0.682,-1.82,37.8,REJECT
539,OI Velocity Variant 539,7780,-28.33,-35.13,0.469,0.892,-0.75,28.5,REJECT,3402,-65.63,-68.54,0.423,0.682,-1.82,37.8,REJECT
540,OI Velocity Variant 540,7780,-28.33,-35.13,0.469,0.892,-0.75,28.5,REJECT,3402,-65.63,-68.54,0.423,0.682,-1.82,37.8,REJECT
541,Liq Rebound SL=2.0% TP=4.0% H=18,610,57.55,-220.0,0.464,1.489,0.9,2.23,PROFITABLE,121,-21.33,-220.0,0.372,0.838,-0.63,1.34,REJECT
542,Liq Rebound SL=2.0% TP=4.0% H=24,610,57.74,-220.0,0.464,1.491,0.9,2.23,PROFITABLE,121,-28.68,-220.0,0.331,0.795,-0.93,1.34,REJECT
543,Liq Rebound SL=2.5% TP=5.0% H=18,562,75.0,-270.0,0.463,1.519,0.92,2.06,PROFITABLE,116,-8.22,-184.9,0.44,0.941,-0.14,1.29,REJECT
544,Liq Rebound SL=2.5% TP=5.0% H=24,562,74.07,-270.0,0.461,1.51,0.9,2.06,PROFITABLE,116,-17.86,-270.0,0.371,0.883,-0.34,1.29,REJECT
545,Liq Rebound SL=3.0% TP=6.0% H=18,519,91.8,-320.0,0.462,1.537,0.87,1.9,PROFITABLE,113,-5.21,-83.83,0.46,0.966,-0.08,1.26,REJECT
546,Liq Rebound SL=3.0% TP=6.0% H=24,519,92.41,-320.0,0.461,1.54,0.88,1.9,PROFITABLE,113,-20.8,-275.32,0.381,0.88,-0.38,1.26,REJECT
547,Liq Rebound SL=3.5% TP=7.0% H=18,459,113.74,-370.0,0.468,1.586,0.87,1.68,PROFITABLE,109,-10.19,-21.55,0.477,0.939,-0.13,1.21,REJECT
548,Liq Rebound SL=3.5% TP=7.0% H=24,459,113.85,-370.0,0.468,1.587,0.87,1.68,PROFITABLE,109,-39.1,-175.7,0.376,0.797,-0.63,1.21,REJECT
549,Liq Rebound SL=4.0% TP=8.0% H=18,420,133.81,-420.0,0.476,1.625,0.93,1.54,PROFITABLE,106,-0.02,-16.66,0.491,1.0,-0.0,1.18,REJECT
550,Liq Rebound SL=4.0% TP=8.0% H=24,420,127.16,-420.0,0.469,1.582,0.88,1.54,PROFITABLE,106,-34.86,-136.05,0.396,0.827,-0.63,1.18,REJECT
551,FR Cum24h >0.2% Exhaust H=18,8027,18.04,-6.21,0.493,1.094,0.85,29.4,PROFITABLE,2079,-39.13,-42.05,0.44,0.803,-2.02,23.1,REJECT
552,FR Cum24h >0.2% Exhaust H=24,6758,34.84,-3.55,0.497,1.165,1.37,24.75,PROFITABLE,1769,-29.78,-56.24,0.44,0.864,-1.36,19.66,REJECT
553,FR Cum24h >0.3% Exhaust H=18,2385,22.18,-34.45,0.468,1.087,0.83,8.74,PROFITABLE,1064,-73.82,-91.18,0.385,0.693,-2.64,11.82,REJECT
554,FR Cum24h >0.3% Exhaust H=24,1984,29.26,-51.7,0.458,1.103,0.9,7.27,PROFITABLE,891,-87.33,-108.81,0.383,0.676,-2.79,9.9,REJECT
555,FR Cum24h >0.4% Exhaust H=18,1835,29.63,-38.89,0.467,1.114,1.03,6.72,PROFITABLE,854,-78.69,-99.71,0.393,0.69,-2.58,9.49,REJECT
556,FR Cum24h >0.4% Exhaust H=24,1514,27.81,-53.99,0.454,1.096,0.79,5.55,PROFITABLE,716,-89.21,-114.98,0.381,0.681,-2.53,7.96,REJECT
557,FR Cum48h >0.2% Exhaust H=18,18944,20.02,-1.03,0.499,1.102,0.79,69.39,PROFITABLE,4603,-9.72,-20.0,0.473,0.943,-0.53,51.14,REJECT
558,FR Cum48h >0.2% Exhaust H=24,15453,32.97,-0.68,0.5,1.152,1.18,56.6,PROFITABLE,3790,-4.4,-20.0,0.476,0.977,-0.2,42.11,REJECT
559,FR Cum48h >0.3% Exhaust H=18,9877,19.15,-6.41,0.494,1.098,0.79,36.18,PROFITABLE,2501,-29.78,-36.55,0.448,0.841,-1.82,27.79,REJECT
560,FR Cum48h >0.3% Exhaust H=24,8087,31.67,0.39,0.5,1.148,1.22,29.62,PROFITABLE,2079,-24.79,-51.11,0.436,0.881,-1.35,23.1,REJECT
561,FR Cum48h >0.4% Exhaust H=18,6786,31.28,-2.74,0.498,1.162,1.31,24.86,PROFITABLE,1784,-48.37,-49.75,0.425,0.768,-2.61,19.82,REJECT
562,FR Cum48h >0.4% Exhaust H=24,5647,51.71,15.09,0.513,1.245,1.84,20.68,PASS_TRAIN,1469,-38.65,-68.74,0.428,0.83,-1.73,16.32,REJECT
563,FR Cum72h >0.2% Exhaust H=18,22736,7.26,-9.83,0.49,1.036,0.29,83.28,PROFITABLE,5824,-7.29,-20.0,0.474,0.956,-0.39,64.71,REJECT
564,FR Cum72h >0.2% Exhaust H=24,18312,17.24,-13.71,0.488,1.077,0.63,67.08,PROFITABLE,4705,-4.54,-20.0,0.481,0.976,-0.19,52.28,REJECT
565,FR Cum72h >0.3% Exhaust H=18,18147,14.06,-8.15,0.491,1.07,0.53,66.47,PROFITABLE,4336,-21.45,-27.42,0.457,0.879,-1.2,48.18,REJECT
566,FR 3-Period >3bp H=18,524,-10.52,-89.67,0.439,0.964,-0.26,1.92,REJECT,281,-55.77,-111.62,0.377,0.79,-1.26,3.12,REJECT
567,FR 3-Period >3bp H=24,447,-18.39,-118.04,0.434,0.947,-0.37,1.64,REJECT,234,-63.77,-106.28,0.423,0.791,-1.18,2.6,REJECT
568,FR 3-Period >3bp H=36,372,-2.39,-115.92,0.427,0.994,-0.04,1.36,REJECT,195,-103.17,-169.81,0.359,0.723,-1.32,2.17,REJECT
569,FR 3-Period >4bp H=18,368,-2.1,-88.53,0.448,0.993,-0.04,1.35,REJECT,220,-73.47,-140.19,0.373,0.749,-1.32,2.44,REJECT
570,FR 3-Period >4bp H=24,311,-7.35,-119.83,0.434,0.98,-0.11,1.14,REJECT,187,-92.95,-108.17,0.412,0.714,-1.44,2.08,REJECT
571,FR 3-Period >4bp H=36,256,-15.54,-147.92,0.414,0.961,-0.21,0.94,REJECT,148,-136.08,-283.5,0.345,0.677,-1.32,1.64,REJECT
572,FR 3-Period >5bp H=18,278,-15.74,-128.02,0.417,0.953,-0.25,1.02,REJECT,182,-68.32,-127.12,0.401,0.774,-1.0,2.02,REJECT
573,FR 3-Period >5bp H=24,237,-4.99,-127.11,0.405,0.987,-0.06,0.87,REJECT,152,-69.44,-95.69,0.434,0.783,-0.88,1.69,REJECT
574,FR 3-Period >5bp H=36,194,-33.72,-167.81,0.423,0.925,-0.36,0.71,REJECT,122,-110.8,-220.68,0.369,0.738,-0.94,1.36,REJECT
575,FR 4-Period >3bp H=18,377,-33.78,-94.94,0.419,0.885,-0.84,1.38,REJECT,228,-1.23,-78.31,0.425,0.995,-0.02,2.53,REJECT
576,FR 4-Period >3bp H=24,321,-45.45,-112.08,0.393,0.871,-0.85,1.18,REJECT,189,-36.91,-92.71,0.45,0.867,-0.64,2.1,REJECT
577,FR 4-Period >3bp H=36,260,-91.01,-156.6,0.4,0.793,-1.29,0.95,REJECT,152,-37.92,-185.05,0.362,0.887,-0.41,1.69,REJECT
578,FR 4-Period >4bp H=18,261,-49.98,-97.15,0.421,0.832,-1.0,0.96,REJECT,181,1.4,-99.86,0.398,1.006,0.02,2.01,PROFITABLE
579,FR 4-Period >4bp H=24,221,-62.1,-112.08,0.407,0.83,-0.9,0.81,REJECT,153,-41.41,-97.21,0.405,0.862,-0.57,1.7,REJECT
580,FR 4-Period >4bp H=36,178,-75.64,-158.17,0.41,0.836,-0.87,0.65,REJECT,121,-10.11,-188.85,0.388,0.972,-0.09,1.34,REJECT
581,FR Z-Score 7d >2.0 H=18,0,0.0,0.0,0.0,0.0,0.0,0.0,REJECT,0,0.0,0.0,0.0,0.0,0.0,0.0,REJECT
582,FR Z-Score 7d >2.0 H=24,0,0.0,0.0,0.0,0.0,0.0,0.0,REJECT,0,0.0,0.0,0.0,0.0,0.0,0.0,REJECT
583,FR Z-Score 7d >2.0 H=36,0,0.0,0.0,0.0,0.0,0.0,0.0,REJECT,0,0.0,0.0,0.0,0.0,0.0,0.0,REJECT
584,FR Z-Score 7d >2.5 H=18,0,0.0,0.0,0.0,0.0,0.0,0.0,REJECT,0,0.0,0.0,0.0,0.0,0.0,0.0,REJECT
585,FR Z-Score 7d >2.5 H=24,0,0.0,0.0,0.0,0.0,0.0,0.0,REJECT,0,0.0,0.0,0.0,0.0,0.0,0.0,REJECT
586,FR Z-Score 7d >2.5 H=36,0,0.0,0.0,0.0,0.0,0.0,0.0,REJECT,0,0.0,0.0,0.0,0.0,0.0,0.0,REJECT
587,FR Z-Score 7d >3.0 H=18,0,0.0,0.0,0.0,0.0,0.0,0.0,REJECT,0,0.0,0.0,0.0,0.0,0.0,0.0,REJECT
588,FR Z-Score 7d >3.0 H=24,0,0.0,0.0,0.0,0.0,0.0,0.0,REJECT,0,0.0,0.0,0.0,0.0,0.0,0.0,REJECT
589,FR Z-Score 7d >3.0 H=36,0,0.0,0.0,0.0,0.0,0.0,0.0,REJECT,0,0.0,0.0,0.0,0.0,0.0,0.0,REJECT
590,FR Z-Score 14d >2.0 H=18,0,0.0,0.0,0.0,0.0,0.0,0.0,REJECT,0,0.0,0.0,0.0,0.0,0.0,0.0,REJECT
591,FR Z-Score 14d >2.0 H=24,0,0.0,0.0,0.0,0.0,0.0,0.0,REJECT,0,0.0,0.0,0.0,0.0,0.0,0.0,REJECT
592,FR Z-Score 14d >2.0 H=36,0,0.0,0.0,0.0,0.0,0.0,0.0,REJECT,0,0.0,0.0,0.0,0.0,0.0,0.0,REJECT
593,FR Z-Score 14d >2.5 H=18,0,0.0,0.0,0.0,0.0,0.0,0.0,REJECT,0,0.0,0.0,0.0,0.0,0.0,0.0,REJECT
594,FR Z-Score 14d >2.5 H=24,0,0.0,0.0,0.0,0.0,0.0,0.0,REJECT,0,0.0,0.0,0.0,0.0,0.0,0.0,REJECT
595,FR Z-Score 14d >2.5 H=36,0,0.0,0.0,0.0,0.0,0.0,0.0,REJECT,0,0.0,0.0,0.0,0.0,0.0,0.0,REJECT
596,FR Div SpotRally ret>3% H=18,3632,-21.39,-77.59,0.431,0.918,-0.67,13.3,REJECT,1522,-71.93,-107.94,0.389,0.689,-2.1,16.91,REJECT
597,FR Div LongTrap ret<-3% H=18,195,122.45,46.48,0.533,1.414,1.16,0.71,PROFITABLE,79,73.4,57.09,0.57,1.322,0.66,0.88,PROFITABLE
598,FR Div SpotRally ret>3% H=24,3156,-22.83,-96.89,0.42,0.922,-0.56,11.56,REJECT,1295,-85.52,-140.21,0.377,0.672,-2.07,14.39,REJECT
599,FR Div LongTrap ret<-3% H=24,178,175.0,75.06,0.551,1.605,1.55,0.65,PASS_TRAIN,69,115.57,112.13,0.565,1.476,0.93,0.77,PROFITABLE
600,FR Div SpotRally ret>4% H=18,3156,-19.99,-82.66,0.432,0.927,-0.58,11.56,REJECT,1279,-76.07,-131.73,0.392,0.685,-2.13,14.21,REJECT
601,FR Div LongTrap ret<-4% H=18,171,100.63,69.41,0.544,1.305,0.89,0.63,PROFITABLE,65,98.79,57.09,0.569,1.458,0.85,0.72,PROFITABLE
602,FR Div SpotRally ret>4% H=24,2744,-27.55,-119.54,0.409,0.911,-0.61,10.05,REJECT,1090,-89.64,-157.52,0.383,0.671,-2.07,12.11,REJECT
603,FR Div LongTrap ret<-4% H=24,154,164.05,89.2,0.565,1.498,1.27,0.56,PROFITABLE,57,166.51,135.26,0.614,1.844,1.25,0.63,PROFITABLE
604,FR Div SpotRally ret>5% H=18,2703,-12.58,-87.22,0.439,0.955,-0.35,9.9,REJECT,1052,-77.41,-133.73,0.393,0.694,-2.09,11.69,REJECT
605,FR Div LongTrap ret<-5% H=18,150,59.7,43.82,0.527,1.159,0.47,0.55,PROFITABLE,56,120.22,68.43,0.571,1.529,0.89,0.62,PROFITABLE
606,FR Div SpotRally ret>5% H=24,2348,-21.6,-120.99,0.416,0.932,-0.45,8.6,REJECT,918,-88.66,-153.75,0.376,0.686,-1.93,10.2,REJECT
607,FR Div LongTrap ret<-5% H=24,136,113.02,54.04,0.544,1.294,0.77,0.5,PROFITABLE,48,186.88,144.95,0.583,1.851,1.18,0.53,PROFITABLE
608,FR Div Variant 608,2348,-21.6,-120.99,0.416,0.932,-0.45,8.6,REJECT,918,-88.66,-153.75,0.376,0.686,-1.93,10.2,REJECT
609,FR Div Variant 609,2348,-21.6,-120.99,0.416,0.932,-0.45,8.6,REJECT,918,-88.66,-153.75,0.376,0.686,-1.93,10.2,REJECT
610,FR Div Variant 610,2348,-21.6,-120.99,0.416,0.932,-0.45,8.6,REJECT,918,-88.66,-153.75,0.376,0.686,-1.93,10.2,REJECT
611,FR Discount Breakout fr<0.0001 H=18,19502,0.22,-20.0,0.479,1.001,0.01,71.44,PROFITABLE,6099,1.66,-7.61,0.49,1.01,0.05,67.77,PROFITABLE
612,FR Discount Breakout fr<0.0001 H=24,17395,-0.28,-28.83,0.477,0.999,-0.01,63.72,REJECT,5539,-10.31,-12.78,0.486,0.946,-0.28,61.54,REJECT
613,FR Discount Breakout fr<0.0001 H=36,14439,-2.64,-55.58,0.461,0.991,-0.06,52.89,REJECT,4716,-21.5,-26.44,0.473,0.904,-0.48,52.4,REJECT
614,FR Discount Breakout fr<0.0 H=18,12671,7.04,-11.72,0.488,1.033,0.21,46.41,PROFITABLE,3829,0.7,-8.98,0.488,1.004,0.02,42.54,PROFITABLE
615,FR Discount Breakout fr<0.0 H=24,11577,8.36,-16.46,0.487,1.036,0.25,42.41,PROFITABLE,3563,-11.76,-7.08,0.492,0.939,-0.3,39.59,REJECT
616,FR Discount Breakout fr<0.0 H=36,10164,8.34,-36.7,0.477,1.028,0.17,37.23,PROFITABLE,3183,-26.66,-20.0,0.478,0.884,-0.57,35.37,REJECT
617,FR Discount Breakout fr<-0.0001 H=18,1162,73.4,-0.39,0.499,1.29,1.78,4.26,PASS_TRAIN,417,-79.17,-121.2,0.386,0.69,-2.21,4.63,REJECT
618,FR Discount Breakout fr<-0.0001 H=24,1117,67.83,-19.07,0.488,1.236,1.29,4.09,PROFITABLE,399,-97.44,-167.19,0.363,0.683,-2.15,4.43,REJECT
619,FR Discount Breakout fr<-0.0001 H=36,1037,100.85,-28.67,0.483,1.301,1.37,3.8,PROFITABLE,371,-121.44,-156.03,0.402,0.645,-2.01,4.12,REJECT
620,FR Discount Variant 620,1117,67.83,-19.07,0.488,1.236,1.29,4.09,PROFITABLE,399,-97.44,-167.19,0.363,0.683,-2.15,4.43,REJECT
621,FR Discount Variant 621,1117,67.83,-19.07,0.488,1.236,1.29,4.09,PROFITABLE,399,-97.44,-167.19,0.363,0.683,-2.15,4.43,REJECT
622,FR Discount Variant 622,1117,67.83,-19.07,0.488,1.236,1.29,4.09,PROFITABLE,399,-97.44,-167.19,0.363,0.683,-2.15,4.43,REJECT
623,FR Discount Variant 623,1117,67.83,-19.07,0.488,1.236,1.29,4.09,PROFITABLE,399,-97.44,-167.19,0.363,0.683,-2.15,4.43,REJECT
624,FR Discount Variant 624,1117,67.83,-19.07,0.488,1.236,1.29,4.09,PROFITABLE,399,-97.44,-167.19,0.363,0.683,-2.15,4.43,REJECT
625,FR Discount Variant 625,1117,67.83,-19.07,0.488,1.236,1.29,4.09,PROFITABLE,399,-97.44,-167.19,0.363,0.683,-2.15,4.43,REJECT
626,FR Accel>2.0x Follow H=12,13639,-15.05,-27.25,0.464,0.916,-0.8,49.96,REJECT,4862,-6.08,-19.43,0.473,0.956,-0.25,54.02,REJECT
627,FR Accel>2.0x Follow H=18,12547,-17.48,-30.81,0.467,0.921,-0.68,45.96,REJECT,4495,2.07,-1.77,0.498,1.013,0.07,49.94,PROFITABLE
628,FR Accel>2.0x Follow H=24,11828,-18.96,-45.81,0.463,0.925,-0.68,43.33,REJECT,4234,3.23,-0.5,0.5,1.017,0.11,47.04,PROFITABLE
629,FR Accel>2.5x Follow H=12,10822,-13.91,-26.66,0.465,0.924,-0.66,39.64,REJECT,3473,-2.47,-9.66,0.482,0.982,-0.1,38.59,REJECT
630,FR Accel>2.5x Follow H=18,10067,-14.28,-28.66,0.47,0.936,-0.49,36.88,REJECT,3262,11.36,13.84,0.515,1.07,0.38,36.24,PROFITABLE
631,FR Accel>2.5x Follow H=24,9621,-13.83,-40.96,0.466,0.946,-0.45,35.24,REJECT,3146,12.54,18.88,0.517,1.069,0.42,34.96,PROFITABLE
632,FR Accel>3.0x Follow H=12,8356,-19.01,-31.45,0.461,0.899,-0.8,30.61,REJECT,2485,-2.65,-8.7,0.483,0.98,-0.1,27.61,REJECT
633,FR Accel>3.0x Follow H=18,7842,-16.69,-25.67,0.472,0.928,-0.49,28.73,REJECT,2359,17.18,15.89,0.518,1.109,0.54,26.21,PROFITABLE
634,FR Accel>3.0x Follow H=24,7566,-18.65,-43.92,0.464,0.93,-0.52,27.71,REJECT,2294,20.38,21.04,0.522,1.114,0.61,25.49,PROFITABLE
635,FR Accel Variant 635,7842,-16.69,-25.67,0.472,0.928,-0.49,28.73,REJECT,2359,17.18,15.89,0.518,1.109,0.54,26.21,PROFITABLE
636,FR Accel Variant 636,7842,-16.69,-25.67,0.472,0.928,-0.49,28.73,REJECT,2359,17.18,15.89,0.518,1.109,0.54,26.21,PROFITABLE
637,FR Accel Variant 637,7842,-16.69,-25.67,0.472,0.928,-0.49,28.73,REJECT,2359,17.18,15.89,0.518,1.109,0.54,26.21,PROFITABLE
638,FR Accel Variant 638,7842,-16.69,-25.67,0.472,0.928,-0.49,28.73,REJECT,2359,17.18,15.89,0.518,1.109,0.54,26.21,PROFITABLE
639,FR Accel Variant 639,7842,-16.69,-25.67,0.472,0.928,-0.49,28.73,REJECT,2359,17.18,15.89,0.518,1.109,0.54,26.21,PROFITABLE
640,FR Accel Variant 640,7842,-16.69,-25.67,0.472,0.928,-0.49,28.73,REJECT,2359,17.18,15.89,0.518,1.109,0.54,26.21,PROFITABLE
641,FR Carry SL=2.0% TP=4.0% H=24,6064,-29.28,-220.0,0.322,0.802,-6.25,22.21,REJECT,2359,-44.37,-220.0,0.298,0.71,-5.79,26.21,REJECT
642,FR Carry SL=2.0% TP=4.0% H=36,6021,-29.8,-220.0,0.319,0.8,-6.25,22.05,REJECT,2345,-44.12,-220.0,0.294,0.715,-5.82,26.06,REJECT
643,FR Carry SL=2.5% TP=5.0% H=24,4873,-27.84,-270.0,0.331,0.843,-4.27,17.85,REJECT,1844,-46.24,-270.0,0.313,0.745,-4.53,20.49,REJECT
644,FR Carry SL=2.5% TP=5.0% H=36,4823,-28.41,-270.0,0.326,0.842,-4.22,17.67,REJECT,1818,-43.67,-270.0,0.307,0.764,-4.3,20.2,REJECT
645,FR Carry SL=3.0% TP=6.0% H=24,4049,-28.0,-320.0,0.338,0.864,-3.36,14.83,REJECT,1537,-43.9,-320.0,0.331,0.786,-3.45,17.08,REJECT
646,FR Carry SL=3.0% TP=6.0% H=36,3992,-29.36,-320.0,0.331,0.861,-3.39,14.62,REJECT,1509,-42.36,-320.0,0.32,0.8,-3.33,16.77,REJECT
647,FR Carry SL=3.5% TP=7.0% H=24,3441,-22.3,-370.0,0.353,0.903,-2.03,12.6,REJECT,1311,-47.06,-370.0,0.339,0.793,-2.94,14.57,REJECT
648,FR Carry SL=3.5% TP=7.0% H=36,3367,-22.39,-370.0,0.344,0.906,-1.98,12.33,REJECT,1276,-43.31,-370.0,0.327,0.818,-2.65,14.18,REJECT
649,FR Carry SL=4.0% TP=8.0% H=24,2983,-18.3,-420.0,0.361,0.926,-1.42,10.93,REJECT,1138,-62.57,-420.0,0.337,0.749,-3.3,12.64,REJECT
650,FR Carry SL=4.0% TP=8.0% H=36,2883,-17.25,-420.0,0.355,0.934,-1.31,10.56,REJECT,1087,-63.55,-420.0,0.326,0.762,-3.23,12.08,REJECT
651,DualSq+Taker>55%+BTC H=18,550,169.12,137.77,0.644,2.187,1.76,2.01,PASS_TRAIN,367,61.11,-1.42,0.499,1.481,0.59,4.08,PROFITABLE
652,DualSq+Taker>55%+BTC H=24,546,146.63,116.15,0.612,1.954,2.09,2.0,PASS_TRAIN,365,34.7,55.44,0.559,1.215,0.38,4.06,PROFITABLE
653,DualSq+Taker>55%NoBTC H=18,1016,98.62,79.97,0.582,1.628,1.73,3.72,PASS_TRAIN,568,66.09,33.04,0.539,1.574,0.96,6.31,PROFITABLE
654,DualSq+Taker>55%NoBTC H=24,1006,73.36,57.54,0.553,1.405,1.59,3.68,PASS_TRAIN,561,29.04,44.39,0.544,1.193,0.46,6.23,PROFITABLE
655,DualSq+Taker>60%+BTC H=18,152,193.24,120.03,0.664,2.529,1.36,0.56,PROFITABLE,153,43.06,-28.91,0.471,1.326,0.49,1.7,PROFITABLE
656,DualSq+Taker>60%+BTC H=24,150,175.48,130.09,0.613,2.415,1.67,0.55,PASS_TRAIN,153,36.94,66.21,0.614,1.237,0.42,1.7,PROFITABLE
657,DualSq+Taker>60%NoBTC H=18,291,120.59,74.22,0.584,1.919,1.53,1.07,PASS_TRAIN,234,52.74,31.98,0.526,1.43,0.82,2.6,PROFITABLE
658,DualSq+Taker>60%NoBTC H=24,288,102.18,45.33,0.559,1.686,1.63,1.05,PASS_TRAIN,233,18.82,55.44,0.571,1.121,0.28,2.59,PROFITABLE
659,DualSq+Taker>65%+BTC H=18,34,307.0,156.63,0.735,6.175,2.13,0.12,PROFITABLE,46,-8.06,-107.02,0.391,0.941,-0.1,0.51,REJECT
660,DualSq+Taker>65%+BTC H=24,34,293.07,195.45,0.706,5.698,2.07,0.12,PROFITABLE,46,81.1,101.26,0.63,1.628,0.85,0.51,PROFITABLE
661,DualSq+Taker>65%NoBTC H=18,59,217.13,105.79,0.678,4.529,2.37,0.22,PASS_TRAIN,72,40.51,-10.09,0.472,1.373,0.67,0.8,PROFITABLE
662,DualSq+Taker>65%NoBTC H=24,58,237.51,169.39,0.69,4.69,2.5,0.21,PASS_TRAIN,72,103.29,80.25,0.597,1.949,1.44,0.8,PROFITABLE
663,DualSq+Taker Variant 663,58,237.51,169.39,0.69,4.69,2.5,0.21,PASS_TRAIN,72,103.29,80.25,0.597,1.949,1.44,0.8,PROFITABLE
664,DualSq+Taker Variant 664,58,237.51,169.39,0.69,4.69,2.5,0.21,PASS_TRAIN,72,103.29,80.25,0.597,1.949,1.44,0.8,PROFITABLE
665,DualSq+Taker Variant 665,58,237.51,169.39,0.69,4.69,2.5,0.21,PASS_TRAIN,72,103.29,80.25,0.597,1.949,1.44,0.8,PROFITABLE
666,Deriv Conf oi<-3% fr>2bp H=18,12,-152.62,-112.04,0.417,0.488,-1.03,0.04,REJECT,4,188.95,118.9,0.75,6.051,1.1,0.04,PROFITABLE
667,Deriv Conf oi<-3% fr>2bp H=24,12,-185.18,-124.0,0.333,0.452,-1.23,0.04,REJECT,4,336.06,270.01,1.0,999.0,2.42,0.04,PROFITABLE
668,Deriv Conf oi<-3% fr>2bp H=36,12,4.75,-175.92,0.417,1.017,0.02,0.04,PROFITABLE,4,631.51,548.13,1.0,999.0,2.76,0.04,PROFITABLE
669,Deriv Conf oi<-3% fr>4bp H=18,4,-489.22,-649.09,0.25,0.17,-2.92,0.01,REJECT,3,218.24,136.72,0.667,5.375,0.91,0.03,PROFITABLE
670,Deriv Conf oi<-3% fr>4bp H=24,4,-393.08,-507.8,0.25,0.325,-1.29,0.01,REJECT,3,422.19,305.5,1.0,999.0,2.75,0.03,PROFITABLE
671,Deriv Conf oi<-3% fr>4bp H=36,4,-197.6,-86.04,0.5,0.518,-0.48,0.01,REJECT,3,663.11,559.57,1.0,999.0,2.07,0.03,PROFITABLE
672,Deriv Conf oi<-5% fr>2bp H=18,11,-153.81,-172.83,0.364,0.5,-0.97,0.04,REJECT,3,301.81,136.72,1.0,999.0,1.65,0.03,PROFITABLE
673,Deriv Conf oi<-5% fr>2bp H=24,11,-183.34,-158.88,0.364,0.476,-1.14,0.04,REJECT,3,369.9,305.5,1.0,999.0,1.95,0.03,PROFITABLE
674,Deriv Conf oi<-5% fr>2bp H=36,11,-121.34,-254.82,0.364,0.6,-0.69,0.04,REJECT,3,421.04,536.7,1.0,999.0,3.31,0.03,PROFITABLE
675,Deriv Conf oi<-5% fr>4bp H=18,4,-489.22,-649.09,0.25,0.17,-2.92,0.01,REJECT,2,402.17,402.17,1.0,999.0,1.52,0.02,PROFITABLE
676,Deriv Conf oi<-5% fr>4bp H=24,4,-393.08,-507.8,0.25,0.325,-1.29,0.01,REJECT,2,516.03,516.03,1.0,999.0,2.45,0.02,PROFITABLE
677,Deriv Conf oi<-5% fr>4bp H=36,4,-197.6,-86.04,0.5,0.518,-0.48,0.01,REJECT,2,363.21,363.21,1.0,999.0,1.85,0.02,PROFITABLE
678,Deriv Conf oi<-8% fr>2bp H=18,8,12.58,31.46,0.5,1.063,0.08,0.03,PROFITABLE,2,402.17,402.17,1.0,999.0,1.52,0.02,PROFITABLE
679,Deriv Conf oi<-8% fr>2bp H=24,8,18.87,-3.37,0.5,1.09,0.13,0.03,PROFITABLE,2,516.03,516.03,1.0,999.0,2.45,0.02,PROFITABLE
680,Deriv Conf oi<-8% fr>2bp H=36,8,72.0,-175.92,0.375,1.442,0.47,0.03,PROFITABLE,2,363.21,363.21,1.0,999.0,1.85,0.02,PROFITABLE
681,Liq Flush+TakerAbs oi<-12% tr>55% H=12,15,268.24,78.01,0.6,3.157,1.17,0.05,PROFITABLE,25,-145.7,-103.07,0.28,0.303,-1.13,0.28,REJECT
682,Liq Flush+TakerAbs oi<-12% tr>55% H=18,15,433.81,227.78,0.8,6.477,1.96,0.05,PROFITABLE,25,-39.43,64.37,0.52,0.792,-0.24,0.28,REJECT
683,Liq Flush+TakerAbs oi<-12% tr>60% H=12,1,-155.88,-155.88,0.0,0.0,-155876997213.78,0.0,REJECT,10,-70.13,-138.97,0.3,0.391,-0.77,0.11,REJECT
684,Liq Flush+TakerAbs oi<-12% tr>60% H=18,1,60.29,60.29,1.0,999.0,60291369371.52,0.0,PROFITABLE,10,151.79,130.72,0.7,6.884,1.31,0.11,PROFITABLE
685,Liq Flush+TakerAbs oi<-16% tr>55% H=12,5,500.86,6.08,0.6,3.708,0.74,0.02,PROFITABLE,8,-419.93,-110.25,0.125,0.081,-1.2,0.09,REJECT
686,Liq Flush+TakerAbs oi<-16% tr>55% H=18,5,788.92,331.05,1.0,999.0,1.73,0.02,PROFITABLE,8,-304.26,-17.26,0.5,0.302,-0.84,0.09,REJECT
687,Liq Flush+TakerAbs oi<-16% tr>60% H=12,0,0.0,0.0,0.0,0.0,0.0,0.0,REJECT,2,73.16,73.16,0.5,1.977,0.33,0.02,PROFITABLE
688,Liq Flush+TakerAbs oi<-16% tr>60% H=18,0,0.0,0.0,0.0,0.0,0.0,0.0,REJECT,2,244.8,244.8,1.0,999.0,1.36,0.02,PROFITABLE
689,Liq Flush+TakerAbs oi<-20% tr>55% H=12,3,1126.62,312.16,1.0,999.0,1.16,0.01,PROFITABLE,3,44.35,-56.28,0.333,1.816,0.35,0.03,PROFITABLE
690,Liq Flush+TakerAbs oi<-20% tr>55% H=18,3,1111.31,435.83,1.0,999.0,1.42,0.01,PROFITABLE,3,208.36,387.67,0.667,4.328,1.05,0.03,PROFITABLE
691,Liq Flush+TakerAbs oi<-20% tr>60% H=12,0,0.0,0.0,0.0,0.0,0.0,0.0,REJECT,1,296.12,296.12,1.0,999.0,296117582766.3,0.01,PROFITABLE
692,Liq Flush+TakerAbs oi<-20% tr>60% H=18,0,0.0,0.0,0.0,0.0,0.0,0.0,REJECT,1,425.24,425.24,1.0,999.0,425235546155.75,0.01,PROFITABLE
693,Liq Absorb Variant 693,0,0.0,0.0,0.0,0.0,0.0,0.0,REJECT,1,425.24,425.24,1.0,999.0,425235546155.75,0.01,PROFITABLE
694,Liq Absorb Variant 694,0,0.0,0.0,0.0,0.0,0.0,0.0,REJECT,1,425.24,425.24,1.0,999.0,425235546155.75,0.01,PROFITABLE
695,Liq Absorb Variant 695,0,0.0,0.0,0.0,0.0,0.0,0.0,REJECT,1,425.24,425.24,1.0,999.0,425235546155.75,0.01,PROFITABLE
696,FVG+4h ST+Vol>1.2x H=18,2365,-35.39,-80.35,0.426,0.847,-1.13,8.66,REJECT,839,-0.85,-30.51,0.452,0.994,-0.03,9.32,REJECT
697,FVG+4h ST+Vol>1.2x H=24,2343,-58.1,-120.56,0.398,0.791,-1.62,8.58,REJECT,831,2.41,-20.0,0.474,1.012,0.05,9.23,PROFITABLE
698,FVG+4h ST+Vol>1.5x H=18,1363,-23.83,-80.05,0.428,0.898,-0.7,4.99,REJECT,548,7.45,-20.0,0.467,1.049,0.23,6.09,PROFITABLE
699,FVG+4h ST+Vol>1.5x H=24,1359,-38.54,-108.01,0.4,0.86,-0.96,4.98,REJECT,543,13.97,-1.57,0.494,1.072,0.26,6.03,PROFITABLE
700,FVG+4h ST+Vol>2.0x H=18,597,-18.99,-102.3,0.415,0.923,-0.38,2.19,REJECT,269,12.83,-21.11,0.472,1.078,0.32,2.99,PROFITABLE
701,FVG+4h ST+Vol>2.0x H=24,597,-47.0,-148.95,0.377,0.84,-0.82,2.19,REJECT,269,26.11,23.4,0.528,1.13,0.38,2.99,PROFITABLE
702,FVG+ST Variant 702,597,-47.0,-148.95,0.377,0.84,-0.82,2.19,REJECT,269,26.11,23.4,0.528,1.13,0.38,2.99,PROFITABLE
703,FVG+ST Variant 703,597,-47.0,-148.95,0.377,0.84,-0.82,2.19,REJECT,269,26.11,23.4,0.528,1.13,0.38,2.99,PROFITABLE
704,FVG+ST Variant 704,597,-47.0,-148.95,0.377,0.84,-0.82,2.19,REJECT,269,26.11,23.4,0.528,1.13,0.38,2.99,PROFITABLE
705,FVG+ST Variant 705,597,-47.0,-148.95,0.377,0.84,-0.82,2.19,REJECT,269,26.11,23.4,0.528,1.13,0.38,2.99,PROFITABLE
706,FVG+ST Variant 706,597,-47.0,-148.95,0.377,0.84,-0.82,2.19,REJECT,269,26.11,23.4,0.528,1.13,0.38,2.99,PROFITABLE
707,FVG+ST Variant 707,597,-47.0,-148.95,0.377,0.84,-0.82,2.19,REJECT,269,26.11,23.4,0.528,1.13,0.38,2.99,PROFITABLE
708,FVG+ST Variant 708,597,-47.0,-148.95,0.377,0.84,-0.82,2.19,REJECT,269,26.11,23.4,0.528,1.13,0.38,2.99,PROFITABLE
709,FVG+ST Variant 709,597,-47.0,-148.95,0.377,0.84,-0.82,2.19,REJECT,269,26.11,23.4,0.528,1.13,0.38,2.99,PROFITABLE
710,FVG+ST Variant 710,597,-47.0,-148.95,0.377,0.84,-0.82,2.19,REJECT,269,26.11,23.4,0.528,1.13,0.38,2.99,PROFITABLE
711,MF Composite Score>=4.0 H=18,24654,-3.64,-13.65,0.487,0.981,-0.26,90.31,REJECT,8124,-14.88,-15.98,0.478,0.904,-1.03,90.27,REJECT
712,MF Composite Score>=4.0 H=24,21054,-4.15,-14.18,0.488,0.981,-0.24,77.12,REJECT,6876,-18.42,-20.0,0.47,0.899,-0.98,76.4,REJECT
713,MF Composite Score>=4.0 H=36,16502,-17.8,-20.0,0.485,0.939,-0.73,60.45,REJECT,5426,-15.82,-18.01,0.484,0.926,-0.64,60.29,REJECT
714,MF Composite Score>=4.5 H=18,34768,-16.19,-28.66,0.468,0.919,-0.98,127.36,REJECT,12037,-17.9,-17.81,0.476,0.887,-0.86,133.74,REJECT
715,MF Composite Score>=4.5 H=24,29090,-18.38,-31.56,0.471,0.921,-0.94,106.56,REJECT,9863,-23.86,-20.0,0.472,0.873,-0.87,109.59,REJECT
716,MF Composite Score>=4.5 H=36,21793,-28.92,-42.94,0.465,0.898,-1.16,79.83,REJECT,7417,-24.07,-20.0,0.475,0.895,-0.65,82.41,REJECT
717,MF Composite Score>=5.0 H=18,33642,-15.52,-28.48,0.469,0.922,-0.92,123.23,REJECT,11745,-21.36,-20.0,0.475,0.87,-0.99,130.5,REJECT
718,MF Composite Score>=5.0 H=24,28183,-17.31,-31.02,0.472,0.926,-0.88,103.23,REJECT,9699,-27.45,-21.68,0.472,0.857,-1.02,107.77,REJECT
719,MF Composite Score>=5.0 H=36,21189,-24.69,-38.18,0.468,0.913,-0.99,77.62,REJECT,7258,-39.43,-27.38,0.47,0.836,-1.05,80.64,REJECT
720,MF Composite Score>=5.5 H=18,24262,-17.0,-35.68,0.463,0.919,-0.76,88.87,REJECT,9083,-19.28,-26.14,0.465,0.885,-0.69,100.92,REJECT
721,MF Composite Score>=5.5 H=24,20983,-20.96,-43.02,0.463,0.914,-0.79,76.86,REJECT,7753,-36.0,-42.54,0.453,0.821,-1.12,86.14,REJECT
722,MF Composite Score>=5.5 H=36,16713,-15.2,-49.19,0.466,0.948,-0.44,61.22,REJECT,6051,-32.17,-20.0,0.482,0.865,-0.68,67.23,REJECT
723,MF Score Variant 723,20983,-20.96,-43.02,0.463,0.914,-0.79,76.86,REJECT,7753,-36.0,-42.54,0.453,0.821,-1.12,86.14,REJECT
724,MF Score Variant 724,20983,-20.96,-43.02,0.463,0.914,-0.79,76.86,REJECT,7753,-36.0,-42.54,0.453,0.821,-1.12,86.14,REJECT
725,MF Score Variant 725,20983,-20.96,-43.02,0.463,0.914,-0.79,76.86,REJECT,7753,-36.0,-42.54,0.453,0.821,-1.12,86.14,REJECT
726,Breadth Regime Switch DualArm H=12,23007,-11.87,-32.54,0.46,0.935,-0.46,84.27,REJECT,7494,-0.63,-20.0,0.473,0.996,-0.02,83.27,REJECT
727,Breadth Switch SL=2.5% TP=5% H=12,29831,-10.56,-202.88,0.393,0.926,-0.83,109.27,REJECT,8901,3.07,-77.37,0.437,1.024,0.11,98.9,PROFITABLE
728,Breadth Switch SL=3.0% TP=6% H=12,28022,-7.47,-107.19,0.412,0.951,-0.49,102.64,REJECT,8476,13.39,-37.86,0.461,1.101,0.36,94.18,PROFITABLE
729,Breadth Regime Switch DualArm H=18,19858,-10.05,-29.64,0.469,0.954,-0.32,72.74,REJECT,6402,-2.21,-8.84,0.49,0.987,-0.06,71.13,REJECT
730,Breadth Switch SL=2.5% TP=5% H=18,28660,-8.42,-270.0,0.384,0.945,-0.61,104.98,REJECT,8433,5.8,-158.98,0.422,1.042,0.19,93.7,PROFITABLE
731,Breadth Switch SL=3.0% TP=6% H=18,26470,-5.67,-225.02,0.4,0.966,-0.34,96.96,REJECT,7868,19.37,-60.55,0.455,1.133,0.48,87.42,PROFITABLE
732,Breadth Regime Switch DualArm H=24,17726,-4.67,-39.45,0.468,0.981,-0.14,64.93,REJECT,5810,-38.67,-37.38,0.461,0.807,-0.88,64.56,REJECT
733,Breadth Switch SL=2.5% TP=5% H=24,27999,-4.65,-270.0,0.376,0.971,-0.33,102.56,REJECT,8197,-3.23,-270.0,0.392,0.979,-0.1,91.08,REJECT
734,Breadth Switch SL=3.0% TP=6% H=24,25543,-0.4,-320.0,0.392,0.998,-0.02,93.56,REJECT,7559,7.62,-147.12,0.422,1.047,0.18,83.99,PROFITABLE
735,Breadth Variant 735,17726,-4.67,-39.45,0.468,0.981,-0.14,64.93,REJECT,5810,-38.67,-37.38,0.461,0.807,-0.88,64.56,REJECT
736,Breadth Variant 736,17726,-4.67,-39.45,0.468,0.981,-0.14,64.93,REJECT,5810,-38.67,-37.38,0.461,0.807,-0.88,64.56,REJECT
737,Breadth Variant 737,17726,-4.67,-39.45,0.468,0.981,-0.14,64.93,REJECT,5810,-38.67,-37.38,0.461,0.807,-0.88,64.56,REJECT
738,Breadth Variant 738,17726,-4.67,-39.45,0.468,0.981,-0.14,64.93,REJECT,5810,-38.67,-37.38,0.461,0.807,-0.88,64.56,REJECT
739,Breadth Variant 739,17726,-4.67,-39.45,0.468,0.981,-0.14,64.93,REJECT,5810,-38.67,-37.38,0.461,0.807,-0.88,64.56,REJECT
740,Breadth Variant 740,17726,-4.67,-39.45,0.468,0.981,-0.14,64.93,REJECT,5810,-38.67,-37.38,0.461,0.807,-0.88,64.56,REJECT
741,Master Finalist SL=2.0% TP=4.0% H=24,155,56.38,-8.55,0.49,1.579,1.45,0.57,PROFITABLE,154,-7.03,-220.0,0.377,0.947,-0.13,1.71,REJECT
742,Master Finalist SL=2.0% TP=4.0% H=36,154,71.04,-17.57,0.5,1.685,1.66,0.56,PASS_TRAIN,154,-9.71,-220.0,0.351,0.93,-0.17,1.71,REJECT
743,Master Finalist SL=2.5% TP=5.0% H=24,153,80.96,16.1,0.516,1.758,1.6,0.56,PASS_TRAIN,154,-5.27,-270.0,0.396,0.965,-0.08,1.71,REJECT
744,Master Finalist SL=2.5% TP=5.0% H=36,152,103.6,97.4,0.526,1.894,1.86,0.56,PASS_TRAIN,154,-13.78,-270.0,0.37,0.914,-0.22,1.71,REJECT
745,Master Finalist SL=3.0% TP=6.0% H=24,152,93.15,25.93,0.52,1.794,1.57,0.56,PASS_TRAIN,154,1.41,-159.69,0.435,1.009,0.02,1.71,PROFITABLE
746,Master Finalist SL=3.0% TP=6.0% H=36,151,124.11,122.18,0.536,1.991,1.88,0.55,PASS_TRAIN,154,-21.12,-283.89,0.39,0.877,-0.31,1.71,REJECT
747,Master Finalist SL=3.5% TP=7.0% H=24,151,149.82,79.81,0.57,2.361,2.06,0.55,PASS_TRAIN,154,22.75,3.47,0.5,1.15,0.31,1.71,PROFITABLE
748,Master Finalist SL=3.5% TP=7.0% H=36,150,187.54,185.54,0.593,2.553,2.39,0.55,PASS_TRAIN,153,-14.11,-126.01,0.412,0.92,-0.19,1.7,REJECT
749,Master Finalist SL=4.0% TP=8.0% H=24,151,180.9,93.86,0.583,2.613,2.13,0.55,PASS_TRAIN,154,28.75,46.58,0.532,1.187,0.36,1.71,PROFITABLE
750,Master Finalist SL=4.0% TP=8.0% H=36,150,222.2,195.2,0.6,2.751,2.45,0.55,PASS_TRAIN,153,-12.07,-91.3,0.431,0.933,-0.14,1.7,REJECT
