base,med_qv,first,last,days
BTC,15883505625.6346,2025-01-01 00:00:00+00:00,2026-08-16 00:00:00+00:00,593
ETH,13390557409.25552,2025-01-01 00:00:00+00:00,2026-08-16 00:00:00+00:00,593
SOL,3624378177.477,2025-01-01 00:00:00+00:00,2026-08-16 00:00:00+00:00,593
XRP,1821289408.1928,2025-01-01 00:00:00+00:00,2026-08-16 00:00:00+00:00,593
DOGE,1280222078.65645,2025-01-01 00:00:00+00:00,2026-08-16 00:00:00+00:00,593
1000PEPE,878671071.2514832,2025-01-01 00:00:00+00:00,2026-08-16 00:00:00+00:00,593
SUI,781172816.3812,2025-01-01 00:00:00+00:00,2026-08-16 00:00:00+00:00,593
ADA,519058957.6686,2025-01-01 00:00:00+00:00,2026-08-16 00:00:00+00:00,593
BNB,459260311.055,2025-01-01 00:00:00+00:00,2026-08-16 00:00:00+00:00,593
FARTCOIN,439188054.49752,2025-01-01 00:00:00+00:00,2026-08-16 00:00:00+00:00,593
ENA,416815248.4276,2025-01-01 00:00:00+00:00,2026-08-16 00:00:00+00:00,593
TRUMP,373092807.051645,2025-01-18 00:00:00+00:00,2026-08-16 00:00:00+00:00,576
LINK,362496409.63563,2025-01-01 00:00:00+00:00,2026-08-16 00:00:00+00:00,593
WIF,335939370.29162,2025-01-01 00:00:00+00:00,2026-08-16 00:00:00+00:00,593
AVAX,296451119.318,2025-01-01 00:00:00+00:00,2026-08-16 00:00:00+00:00,593
LTC,268108479.634,2025-01-01 00:00:00+00:00,2026-08-16 00:00:00+00:00,593
AAVE,247665112.504,2025-01-01 00:00:00+00:00,2026-08-16 00:00:00+00:00,593
WLD,174537343.4389,2025-01-01 00:00:00+00:00,2026-08-16 00:00:00+00:00,593
PENGU,160415121.540896,2025-01-01 00:00:00+00:00,2026-08-16 00:00:00+00:00,593
UNI,156002814.723,2025-01-01 00:00:00+00:00,2026-08-16 00:00:00+00:00,593
PNUT,153016682.07642,2025-01-01 00:00:00+00:00,2026-08-16 00:00:00+00:00,593
BCH,150023984.51291,2025-01-01 00:00:00+00:00,2026-08-16 00:00:00+00:00,593
DOT,147781481.9038,2025-01-01 00:00:00+00:00,2026-08-16 00:00:00+00:00,593
ONDO,139846187.95138,2025-01-01 00:00:00+00:00,2026-08-16 00:00:00+00:00,593
CRV,136395636.708,2025-01-01 00:00:00+00:00,2026-08-16 00:00:00+00:00,593
1000SHIB,129172280.992365,2025-01-01 00:00:00+00:00,2026-08-16 00:00:00+00:00,593
TAO,126996909.74215999,2025-01-01 00:00:00+00:00,2026-08-16 00:00:00+00:00,593
VIRTUAL,126778416.26017,2025-01-01 00:00:00+00:00,2026-08-16 00:00:00+00:00,593
TRX,125657363.07484,2025-01-01 00:00:00+00:00,2026-08-16 00:00:00+00:00,593
1000BONK,124369592.680492,2025-01-01 00:00:00+00:00,2026-08-16 00:00:00+00:00,593
FIL,123861002.1351,2025-01-01 00:00:00+00:00,2026-08-16 00:00:00+00:00,593
NEAR,122552459.875,2025-01-01 00:00:00+00:00,2026-08-16 00:00:00+00:00,593
NEIRO,122498311.4244861,2025-01-01 00:00:00+00:00,2026-08-16 00:00:00+00:00,593
ARB,119839317.52174,2025-01-01 00:00:00+00:00,2026-08-16 00:00:00+00:00,593
HBAR,117778454.05996,2025-01-01 00:00:00+00:00,2026-08-16 00:00:00+00:00,593
TIA,115023803.2359,2025-01-01 00:00:00+00:00,2026-08-16 00:00:00+00:00,593
OP,114757779.01112,2025-01-01 00:00:00+00:00,2026-08-16 00:00:00+00:00,593
XLM,105606323.43842,2025-01-01 00:00:00+00:00,2026-08-16 00:00:00+00:00,593
APT,100240740.75503,2025-01-01 00:00:00+00:00,2026-08-16 00:00:00+00:00,593
LDO,86711942.4396,2025-01-01 00:00:00+00:00,2026-08-16 00:00:00+00:00,593
ETC,84304813.66793,2025-01-01 00:00:00+00:00,2026-08-16 00:00:00+00:00,593
FET,83734430.8975,2025-01-01 00:00:00+00:00,2026-08-16 00:00:00+00:00,593
POPCAT,82871866.9829,2025-01-01 00:00:00+00:00,2026-08-16 00:00:00+00:00,593
ETHFI,82788487.27606,2025-01-01 00:00:00+00:00,2026-08-16 00:00:00+00:00,593
INJ,81936846.7729,2025-01-01 00:00:00+00:00,2026-08-16 00:00:00+00:00,593
SEI,76991031.3732,2025-01-01 00:00:00+00:00,2026-08-16 00:00:00+00:00,593
ORDI,68322219.5532,2025-01-01 00:00:00+00:00,2026-08-16 00:00:00+00:00,593
EIGEN,67753414.45789,2025-01-01 00:00:00+00:00,2026-08-16 00:00:00+00:00,593
OM,66732057.860243,2025-01-01 00:00:00+00:00,2026-08-16 00:00:00+00:00,593
GALA,66678560.10198,2025-01-01 00:00:00+00:00,2026-08-16 00:00:00+00:00,593
AI16Z,65387307.065815,2025-01-02 00:00:00+00:00,2026-08-16 00:00:00+00:00,592
TON,64855330.52788,2025-01-01 00:00:00+00:00,2026-08-16 00:00:00+00:00,593
MOODENG,62365655.85045,2025-01-01 00:00:00+00:00,2026-08-16 00:00:00+00:00,593
JUP,57194312.9001,2025-01-01 00:00:00+00:00,2026-08-16 00:00:00+00:00,593
SPX,54070597.4073,2025-01-01 00:00:00+00:00,2026-08-16 00:00:00+00:00,593
AIXBT,52686380.97442,2025-01-01 00:00:00+00:00,2026-08-16 00:00:00+00:00,593
ATOM,52006073.1255,2025-01-01 00:00:00+00:00,2026-08-16 00:00:00+00:00,593
MOVE,51871809.588,2025-01-01 00:00:00+00:00,2026-08-16 00:00:00+00:00,593
S,49989893.421399996,2025-01-16 00:00:00+00:00,2026-08-16 00:00:00+00:00,578
1000FLOKI,49724510.0571,2025-01-01 00:00:00+00:00,2026-08-16 00:00:00+00:00,593
PENDLE,47608648.1844,2025-01-01 00:00:00+00:00,2026-08-16 00:00:00+00:00,593
VINE,45344660.83306,2025-01-24 00:00:00+00:00,2026-08-16 00:00:00+00:00,570
ALGO,44954760.25975,2025-01-01 00:00:00+00:00,2026-08-16 00:00:00+00:00,593
MKR,44492284.6776,2025-01-01 00:00:00+00:00,2026-08-16 00:00:00+00:00,593
RENDER,42936683.1912,2025-01-01 00:00:00+00:00,2026-08-16 00:00:00+00:00,593
ENS,38918029.9885,2025-01-01 00:00:00+00:00,2026-08-16 00:00:00+00:00,593
BOME,38172586.502391,2025-01-01 00:00:00+00:00,2026-08-16 00:00:00+00:00,593
DYDX,36419353.531,2025-01-01 00:00:00+00:00,2026-08-16 00:00:00+00:00,593
PEOPLE,35769520.62231,2025-01-01 00:00:00+00:00,2026-08-16 00:00:00+00:00,593
SAND,35632797.00557,2025-01-01 00:00:00+00:00,2026-08-16 00:00:00+00:00,593
TURBO,35080293.3261076,2025-01-01 00:00:00+00:00,2026-08-16 00:00:00+00:00,593
GOAT,34550719.66837,2025-01-01 00:00:00+00:00,2026-08-16 00:00:00+00:00,593
1000SATS,33154915.97154,2025-01-01 00:00:00+00:00,2026-08-16 00:00:00+00:00,593
ARC,32293742.90637,2025-01-17 00:00:00+00:00,2026-08-16 00:00:00+00:00,577
JTO,31604159.0525,2025-01-01 00:00:00+00:00,2026-08-16 00:00:00+00:00,593
TRB,30491927.4401,2025-01-01 00:00:00+00:00,2026-08-16 00:00:00+00:00,593
ICP,30422556.908,2025-01-01 00:00:00+00:00,2026-08-16 00:00:00+00:00,593
APE,29419092.1577,2025-01-01 00:00:00+00:00,2026-08-16 00:00:00+00:00,593
USUAL,29178056.25863,2025-01-01 00:00:00+00:00,2026-08-16 00:00:00+00:00,593
GRIFFAIN,28964180.03049,2025-01-02 00:00:00+00:00,2026-08-16 00:00:00+00:00,592
CAKE,28837811.5839,2025-01-01 00:00:00+00:00,2026-08-16 00:00:00+00:00,593
ARKM,28646720.6122,2025-01-01 00:00:00+00:00,2026-08-16 00:00:00+00:00,593
POL,26979126.49631,2025-01-01 00:00:00+00:00,2026-08-16 00:00:00+00:00,593
BIO,26813102.15437,2025-01-03 00:00:00+00:00,2026-08-16 00:00:00+00:00,591
ZRO,26562003.09381,2025-01-01 00:00:00+00:00,2026-08-16 00:00:00+00:00,593
RAYSOL,25830263.82784,2025-01-01 00:00:00+00:00,2026-08-16 00:00:00+00:00,593
ALCH,25553794.769869998,2025-01-07 00:00:00+00:00,2026-08-16 00:00:00+00:00,587
CHILLGUY,25103410.76989,2025-01-01 00:00:00+00:00,2026-08-16 00:00:00+00:00,593
ACT,24747613.44835,2025-01-01 00:00:00+00:00,2026-08-16 00:00:00+00:00,593
NOT,24522977.444861,2025-01-01 00:00:00+00:00,2026-08-16 00:00:00+00:00,593
MEME,23428747.248188,2025-01-01 00:00:00+00:00,2026-08-16 00:00:00+00:00,593
SWARMS,23379558.76301,2025-01-07 00:00:00+00:00,2026-08-16 00:00:00+00:00,587
STX,23126694.4046,2025-01-01 00:00:00+00:00,2026-08-16 00:00:00+00:00,593
VET,22758627.142171,2025-01-01 00:00:00+00:00,2026-08-16 00:00:00+00:00,593
RUNE,22720147.086,2025-01-01 00:00:00+00:00,2026-08-16 00:00:00+00:00,593
COOKIE,22682405.6999,2025-01-07 00:00:00+00:00,2026-08-16 00:00:00+00:00,587
W,22182295.736591,2025-01-01 00:00:00+00:00,2026-08-16 00:00:00+00:00,593
ZEREBRO,21792735.09405,2025-01-02 00:00:00+00:00,2026-08-16 00:00:00+00:00,592
ANIME,21708055.5067,2025-01-23 00:00:00+00:00,2026-08-16 00:00:00+00:00,571
XMR,21424052.91998,2025-01-01 00:00:00+00:00,2026-08-16 00:00:00+00:00,593
AVAAI,21027801.03732,2025-01-17 00:00:00+00:00,2026-08-16 00:00:00+00:00,577
CFX,20950946.87528,2025-01-01 00:00:00+00:00,2026-08-16 00:00:00+00:00,593
PYTH,20809391.65892,2025-01-01 00:00:00+00:00,2026-08-16 00:00:00+00:00,593
GRASS,20218459.54659,2025-01-01 00:00:00+00:00,2026-08-16 00:00:00+00:00,593
AR,20111771.409,2025-01-01 00:00:00+00:00,2026-08-16 00:00:00+00:00,593
SUSHI,20000434.7139,2025-01-01 00:00:00+00:00,2026-08-16 00:00:00+00:00,593
DOGS,19941554.4996181,2025-01-01 00:00:00+00:00,2026-08-16 00:00:00+00:00,593
STRK,19832625.73763,2025-01-01 00:00:00+00:00,2026-08-16 00:00:00+00:00,593
MASK,19528363.2337,2025-01-01 00:00:00+00:00,2026-08-16 00:00:00+00:00,593
GMT,18525705.07283,2025-01-01 00:00:00+00:00,2026-08-16 00:00:00+00:00,593
MELANIA,18249310.158879,2025-01-20 00:00:00+00:00,2026-08-16 00:00:00+00:00,574
MANA,17948913.6281,2025-01-01 00:00:00+00:00,2026-08-16 00:00:00+00:00,593
IO,17918137.95642,2025-01-01 00:00:00+00:00,2026-08-16 00:00:00+00:00,593
NEIROETH,17882319.97116,2025-01-01 00:00:00+00:00,2026-08-16 00:00:00+00:00,593
COMP,17566341.62827,2025-01-01 00:00:00+00:00,2026-08-16 00:00:00+00:00,593
THETA,17536641.32922,2025-01-01 00:00:00+00:00,2026-08-16 00:00:00+00:00,593
NEO,17363347.364,2025-01-01 00:00:00+00:00,2026-08-16 00:00:00+00:00,593
JASMY,17335546.371993,2025-01-01 00:00:00+00:00,2026-08-16 00:00:00+00:00,593
GRT,17148272.14722,2025-01-01 00:00:00+00:00,2026-08-16 00:00:00+00:00,593
BRETT,17117745.71998,2025-01-01 00:00:00+00:00,2026-08-16 00:00:00+00:00,593
VANA,16802408.34413,2025-01-01 00:00:00+00:00,2026-08-16 00:00:00+00:00,593
IMX,16801911.4128,2025-01-01 00:00:00+00:00,2026-08-16 00:00:00+00:00,593
AXS,16635044.146,2025-01-01 00:00:00+00:00,2026-08-16 00:00:00+00:00,593
LPT,16567689.0112,2025-01-01 00:00:00+00:00,2026-08-16 00:00:00+00:00,593
XTZ,16467404.1273,2025-01-01 00:00:00+00:00,2026-08-16 00:00:00+00:00,593
KAS,16266785.36829,2025-01-01 00:00:00+00:00,2026-08-16 00:00:00+00:00,593
MAGIC,15907628.34893,2025-01-01 00:00:00+00:00,2026-08-16 00:00:00+00:00,593
SAGA,15398707.88618,2025-01-01 00:00:00+00:00,2026-08-16 00:00:00+00:00,593
FLOW,15314051.0072,2025-01-01 00:00:00+00:00,2026-08-16 00:00:00+00:00,593
ZK,14786959.48016,2025-01-01 00:00:00+00:00,2026-08-16 00:00:00+00:00,593
ACH,14628306.11965,2025-01-01 00:00:00+00:00,2026-08-16 00:00:00+00:00,593
ZEN,14280679.7899,2025-01-01 00:00:00+00:00,2026-08-16 00:00:00+00:00,593
1000000MOG,14116331.94031,2025-01-01 00:00:00+00:00,2026-08-16 00:00:00+00:00,593
IOTA,13966191.62166,2025-01-01 00:00:00+00:00,2026-08-16 00:00:00+00:00,593
THE,13725699.94562,2025-01-01 00:00:00+00:00,2026-08-16 00:00:00+00:00,593
RSR,13708534.21925,2025-01-01 00:00:00+00:00,2026-08-16 00:00:00+00:00,593
CHZ,13606632.70559,2025-01-01 00:00:00+00:00,2026-08-16 00:00:00+00:00,593
REZ,13379654.02292,2025-01-01 00:00:00+00:00,2026-08-16 00:00:00+00:00,593
UXLINK,13255547.2178,2025-01-01 00:00:00+00:00,2026-08-16 00:00:00+00:00,593
AERO,13060874.90897,2025-01-01 00:00:00+00:00,2026-08-16 00:00:00+00:00,593
BTCDOM,12518871.7274,2025-01-01 00:00:00+00:00,2026-08-16 00:00:00+00:00,593
SOLV,12386440.17745,2025-01-17 00:00:00+00:00,2026-08-16 00:00:00+00:00,577
1MBABYDOGE,12376540.2673135,2025-01-01 00:00:00+00:00,2026-08-16 00:00:00+00:00,593
MEW,12351002.174166,2025-01-01 00:00:00+00:00,2026-08-16 00:00:00+00:00,593
COW,12325226.2506,2025-01-01 00:00:00+00:00,2026-08-16 00:00:00+00:00,593
SSV,12278311.31706,2025-01-01 00:00:00+00:00,2026-08-16 00:00:00+00:00,593
1000CAT,12270278.743697,2025-01-01 00:00:00+00:00,2026-08-16 00:00:00+00:00,593
AUCTION,12237576.61452,2025-01-01 00:00:00+00:00,2026-08-16 00:00:00+00:00,593
KAVA,12161914.65247,2025-01-01 00:00:00+00:00,2026-08-16 00:00:00+00:00,593
ME,12056042.2724,2025-01-01 00:00:00+00:00,2026-08-16 00:00:00+00:00,593
SNX,11970579.29,2025-01-01 00:00:00+00:00,2026-08-16 00:00:00+00:00,593
BB,11835606.19145,2025-01-01 00:00:00+00:00,2026-08-16 00:00:00+00:00,593
BIGTIME,11782540.1991,2025-01-01 00:00:00+00:00,2026-08-16 00:00:00+00:00,593
ALT,11664340.54228,2025-01-01 00:00:00+00:00,2026-08-16 00:00:00+00:00,593
MANTA,11534417.64702,2025-01-01 00:00:00+00:00,2026-08-16 00:00:00+00:00,593
XAI,11271907.76807,2025-01-01 00:00:00+00:00,2026-08-16 00:00:00+00:00,593
CETUS,11070335.73695,2025-01-01 00:00:00+00:00,2026-08-16 00:00:00+00:00,593
CELO,10948448.2109,2025-01-01 00:00:00+00:00,2026-08-16 00:00:00+00:00,593
BANANA,10832897.0069,2025-01-01 00:00:00+00:00,2026-08-16 00:00:00+00:00,593
LISTA,10473066.0275,2025-01-01 00:00:00+00:00,2026-08-16 00:00:00+00:00,593
OMNI,10231306.81606,2025-01-01 00:00:00+00:00,2026-08-16 00:00:00+00:00,593
API3,10116894.19916,2025-01-01 00:00:00+00:00,2026-08-16 00:00:00+00:00,593
PIPPIN,9702934.72809,2025-01-24 00:00:00+00:00,2026-08-16 00:00:00+00:00,570
ROSE,9630157.76145,2025-01-01 00:00:00+00:00,2026-08-16 00:00:00+00:00,593
1000RATS,9554693.55833,2025-01-01 00:00:00+00:00,2026-08-16 00:00:00+00:00,593
EGLD,9547094.7892,2025-01-01 00:00:00+00:00,2026-08-16 00:00:00+00:00,593
BEAMX,9522032.959964,2025-01-01 00:00:00+00:00,2026-08-16 00:00:00+00:00,593
ORCA,9453445.3041,2025-01-01 00:00:00+00:00,2026-08-16 00:00:00+00:00,593
BLUR,9344550.16002,2025-01-01 00:00:00+00:00,2026-08-16 00:00:00+00:00,593
1INCH,9325186.976,2025-01-01 00:00:00+00:00,2026-08-16 00:00:00+00:00,593
FLM,9311912.2612,2025-01-01 00:00:00+00:00,2026-08-16 00:00:00+00:00,593
1000CHEEMS,9303965.0939775,2025-01-01 00:00:00+00:00,2026-08-16 00:00:00+00:00,593
FIDA,9093767.60036,2025-01-01 00:00:00+00:00,2026-08-16 00:00:00+00:00,593
HIFI,9054888.6605,2025-01-01 00:00:00+00:00,2026-08-16 00:00:00+00:00,593
RARE,9040067.68366,2025-01-01 00:00:00+00:00,2026-08-16 00:00:00+00:00,593
SUPER,9031632.331,2025-01-01 00:00:00+00:00,2026-08-16 00:00:00+00:00,593
BAKE,8962947.9879,2025-01-01 00:00:00+00:00,2026-08-16 00:00:00+00:00,593
DEXE,8934567.22277,2025-01-01 00:00:00+00:00,2026-08-16 00:00:00+00:00,593
HMSTR,8923126.3873,2025-01-01 00:00:00+00:00,2026-08-16 00:00:00+00:00,593
AGLD,8766352.6131,2025-01-01 00:00:00+00:00,2026-08-16 00:00:00+00:00,593
QNT,8679896.223,2025-01-01 00:00:00+00:00,2026-08-16 00:00:00+00:00,593
LQTY,8548390.028930001,2025-01-01 00:00:00+00:00,2026-08-16 00:00:00+00:00,593
1000LUNC,8467742.59342,2025-01-01 00:00:00+00:00,2026-08-16 00:00:00+00:00,593
AERGO,8436858.47204,2025-01-01 00:00:00+00:00,2026-06-30 00:00:00+00:00,546
PIXEL,8369383.31031,2025-01-01 00:00:00+00:00,2026-08-16 00:00:00+00:00,593
HIPPO,8361475.506879,2025-01-01 00:00:00+00:00,2026-08-16 00:00:00+00:00,593
AEVO,8311315.75814,2025-01-01 00:00:00+00:00,2026-08-16 00:00:00+00:00,593
KAIA,8302650.5952,2025-01-01 00:00:00+00:00,2026-08-16 00:00:00+00:00,593
QTUM,8204813.1175,2025-01-01 00:00:00+00:00,2026-08-16 00:00:00+00:00,593
AI,8201809.6925,2025-01-01 00:00:00+00:00,2026-08-16 00:00:00+00:00,593
ZRX,8180643.38549,2025-01-01 00:00:00+00:00,2026-08-16 00:00:00+00:00,593
CATI,8023273.1676,2025-01-01 00:00:00+00:00,2026-08-16 00:00:00+00:00,593
MINA,7992599.5038,2025-01-01 00:00:00+00:00,2026-08-16 00:00:00+00:00,593
PORTAL,7971026.83694,2025-01-01 00:00:00+00:00,2026-08-16 00:00:00+00:00,593
VANRY,7925460.1174800005,2025-01-01 00:00:00+00:00,2026-08-16 00:00:00+00:00,593
ZIL,7859614.71239,2025-01-01 00:00:00+00:00,2026-08-16 00:00:00+00:00,593
COTI,7759915.92686,2025-01-01 00:00:00+00:00,2026-08-16 00:00:00+00:00,593
DRIFT,7756436.2628,2025-01-01 00:00:00+00:00,2026-08-16 00:00:00+00:00,593
ZEC,7711462.09185,2025-01-01 00:00:00+00:00,2026-08-16 00:00:00+00:00,593
MORPHO,7574030.58851,2025-01-01 00:00:00+00:00,2026-08-16 00:00:00+00:00,593
ONE,7497402.39272,2025-01-01 00:00:00+00:00,2026-08-16 00:00:00+00:00,593
AXL,7459892.105,2025-01-01 00:00:00+00:00,2026-08-16 00:00:00+00:00,593
ALICE,7402677.9061,2025-01-01 00:00:00+00:00,2026-08-16 00:00:00+00:00,593
UMA,7148770.4799999995,2025-01-01 00:00:00+00:00,2026-08-16 00:00:00+00:00,593
ID,6972092.3645,2025-01-01 00:00:00+00:00,2026-08-16 00:00:00+00:00,593
LUNA2,6752320.0343,2025-01-01 00:00:00+00:00,2026-08-16 00:00:00+00:00,593
SONIC,6742655.74273,2025-01-08 00:00:00+00:00,2026-08-16 00:00:00+00:00,586
YGG,6681598.0808,2025-01-01 00:00:00+00:00,2026-08-16 00:00:00+00:00,593
FXS,6581737.43431,2025-01-01 00:00:00+00:00,2026-08-16 00:00:00+00:00,593
ENJ,6525117.68743,2025-01-01 00:00:00+00:00,2026-08-16 00:00:00+00:00,593
DYM,6488325.97764,2025-01-01 00:00:00+00:00,2026-08-16 00:00:00+00:00,593
GAS,6477035.7839,2025-01-01 00:00:00+00:00,2026-08-16 00:00:00+00:00,593
C98,6474103.9739,2025-01-01 00:00:00+00:00,2026-08-16 00:00:00+00:00,593
KMNO,6436084.74174,2025-01-01 00:00:00+00:00,2026-08-16 00:00:00+00:00,593
SPELL,6401010.2239758,2025-01-01 00:00:00+00:00,2026-08-16 00:00:00+00:00,593
IOTX,6373290.79143,2025-01-01 00:00:00+00:00,2026-08-16 00:00:00+00:00,593
CKB,6354717.598732,2025-01-01 00:00:00+00:00,2026-08-16 00:00:00+00:00,593
BEL,6330610.8075,2025-01-01 00:00:00+00:00,2026-08-16 00:00:00+00:00,593
CYBER,6263007.1499,2025-01-01 00:00:00+00:00,2026-08-16 00:00:00+00:00,593
YFI,6253317.237,2025-01-01 00:00:00+00:00,2026-08-16 00:00:00+00:00,593
USDC,6249813.128651,2025-01-01 00:00:00+00:00,2026-08-16 00:00:00+00:00,593
SKL,6196589.90819,2025-01-01 00:00:00+00:00,2026-08-16 00:00:00+00:00,593
SCR,6186616.6132,2025-01-01 00:00:00+00:00,2026-08-16 00:00:00+00:00,593
KSM,6083128.3633,2025-01-01 00:00:00+00:00,2026-08-16 00:00:00+00:00,593
BSW,6010469.28851,2025-01-01 00:00:00+00:00,2026-08-16 00:00:00+00:00,593
MOCA,5964478.6634,2025-01-01 00:00:00+00:00,2026-08-16 00:00:00+00:00,593
RVN,5918120.92838,2025-01-01 00:00:00+00:00,2026-08-16 00:00:00+00:00,593
SXP,5877715.35951,2025-01-01 00:00:00+00:00,2026-05-31 00:00:00+00:00,516
LUMIA,5837990.62667,2025-01-01 00:00:00+00:00,2026-08-16 00:00:00+00:00,593
ALPHA,5801524.954,2025-01-01 00:00:00+00:00,2026-08-16 00:00:00+00:00,593
DEGEN,5778928.051992,2025-01-01 00:00:00+00:00,2026-08-16 00:00:00+00:00,593
GMX,5714872.97828,2025-01-01 00:00:00+00:00,2026-08-16 00:00:00+00:00,593
ZETA,5697774.5938,2025-01-01 00:00:00+00:00,2026-08-16 00:00:00+00:00,593
LRC,5681070.24882,2025-01-01 00:00:00+00:00,2026-08-16 00:00:00+00:00,593
BAT,5620495.45128,2025-01-01 00:00:00+00:00,2026-08-16 00:00:00+00:00,593
GLM,5572171.30509,2025-01-01 00:00:00+00:00,2026-08-16 00:00:00+00:00,593
HOOK,5544686.73011,2025-01-01 00:00:00+00:00,2026-08-16 00:00:00+00:00,593
BAN,5486414.7011,2025-01-01 00:00:00+00:00,2026-08-16 00:00:00+00:00,593
VOXEL,5474543.1276,2025-01-01 00:00:00+00:00,2026-08-16 00:00:00+00:00,593
ARK,5467856.8567,2025-01-01 00:00:00+00:00,2026-08-16 00:00:00+00:00,593
ONT,5381634.05338,2025-01-01 00:00:00+00:00,2026-08-16 00:00:00+00:00,593
DASH,5296387.56032,2025-01-01 00:00:00+00:00,2026-08-16 00:00:00+00:00,593
PHA,5207912.24483,2025-01-01 00:00:00+00:00,2026-08-16 00:00:00+00:00,593
MYRO,5170114.67031,2025-01-01 00:00:00+00:00,2026-08-16 00:00:00+00:00,593
WOO,5147315.53246,2025-01-01 00:00:00+00:00,2026-08-16 00:00:00+00:00,593
STORJ,5119116.4262,2025-01-01 00:00:00+00:00,2026-08-16 00:00:00+00:00,593
DF,5046901.59396,2025-01-01 00:00:00+00:00,2026-08-16 00:00:00+00:00,593
EDU,5023639.6872,2025-01-01 00:00:00+00:00,2026-08-16 00:00:00+00:00,593
ICX,4982595.7262,2025-01-01 00:00:00+00:00,2026-08-16 00:00:00+00:00,593
LEVER,4959005.9365389,2025-01-01 00:00:00+00:00,2026-08-16 00:00:00+00:00,593
HFT,4928233.21661,2025-01-01 00:00:00+00:00,2026-08-16 00:00:00+00:00,593
MAV,4924622.70367,2025-01-01 00:00:00+00:00,2026-08-16 00:00:00+00:00,593
CGPT,4916123.7644299995,2025-01-01 00:00:00+00:00,2026-08-16 00:00:00+00:00,593
CHR,4915222.243,2025-01-01 00:00:00+00:00,2026-08-16 00:00:00+00:00,593
XVG,4884610.4309143,2025-01-01 00:00:00+00:00,2026-08-16 00:00:00+00:00,593
NMR,4852095.1651,2025-01-01 00:00:00+00:00,2026-08-16 00:00:00+00:00,593
HOT,4826140.344694,2025-01-01 00:00:00+00:00,2026-08-16 00:00:00+00:00,593
USTC,4825534.678043,2025-01-01 00:00:00+00:00,2026-08-16 00:00:00+00:00,593
KDA,4813523.3659,2025-01-01 00:00:00+00:00,2026-08-16 00:00:00+00:00,593
PONKE,4739396.99105,2025-01-01 00:00:00+00:00,2026-08-16 00:00:00+00:00,593
PHB,4704327.2141,2025-01-01 00:00:00+00:00,2026-08-16 00:00:00+00:00,593
KOMA,4698296.87253,2025-01-01 00:00:00+00:00,2026-08-16 00:00:00+00:00,593
T,4697381.33177,2025-01-01 00:00:00+00:00,2026-08-16 00:00:00+00:00,593
IOST,4683899.961834,2025-01-01 00:00:00+00:00,2026-08-16 00:00:00+00:00,593
ANKR,4681611.95365,2025-01-01 00:00:00+00:00,2026-08-16 00:00:00+00:00,593
NFP,4583016.99017,2025-01-01 00:00:00+00:00,2026-08-16 00:00:00+00:00,593
SYN,4552889.105,2025-01-01 00:00:00+00:00,2026-08-16 00:00:00+00:00,593
CHESS,4520549.609,2025-01-01 00:00:00+00:00,2026-08-16 00:00:00+00:00,593
RPL,4474920.3484,2025-01-01 00:00:00+00:00,2026-08-16 00:00:00+00:00,593
TRU,4446216.36304,2025-01-01 00:00:00+00:00,2026-08-16 00:00:00+00:00,593
SWELL,4416371.97416,2025-01-01 00:00:00+00:00,2026-08-16 00:00:00+00:00,593
OGN,4367759.4019,2025-01-01 00:00:00+00:00,2026-08-16 00:00:00+00:00,593
GTC,4323971.7151,2025-01-01 00:00:00+00:00,2026-08-16 00:00:00+00:00,593
HIGH,4320564.5426,2025-01-01 00:00:00+00:00,2026-08-16 00:00:00+00:00,593
MBOX,4305876.64543,2025-01-01 00:00:00+00:00,2026-08-16 00:00:00+00:00,593
HIVE,4291170.74944,2025-01-01 00:00:00+00:00,2026-08-16 00:00:00+00:00,593
STG,4283015.1019,2025-01-01 00:00:00+00:00,2026-08-16 00:00:00+00:00,593
BSV,4262219.759,2025-01-01 00:00:00+00:00,2026-08-16 00:00:00+00:00,593
ARPA,4235843.75435,2025-01-01 00:00:00+00:00,2026-08-16 00:00:00+00:00,593
TNSR,4204454.49429,2025-01-01 00:00:00+00:00,2026-08-16 00:00:00+00:00,593
RLC,4156198.06252,2025-01-01 00:00:00+00:00,2026-08-16 00:00:00+00:00,593
ACE,4153628.452684,2025-01-01 00:00:00+00:00,2026-08-16 00:00:00+00:00,593
PROM,4135646.921,2025-01-15 00:00:00+00:00,2026-08-16 00:00:00+00:00,579
DEGO,4126039.48717,2025-01-01 00:00:00+00:00,2026-08-16 00:00:00+00:00,593
POLYX,4115582.74954,2025-01-01 00:00:00+00:00,2026-08-16 00:00:00+00:00,593
ILV,4111285.8169,2025-01-01 00:00:00+00:00,2026-08-16 00:00:00+00:00,593
METIS,4073177.6192,2025-01-01 00:00:00+00:00,2026-08-16 00:00:00+00:00,593
RDNT,4026730.11656,2025-01-01 00:00:00+00:00,2026-08-16 00:00:00+00:00,593
CTSI,3997452.1303,2025-01-01 00:00:00+00:00,2026-08-16 00:00:00+00:00,593
RONIN,3991529.30215,2025-01-01 00:00:00+00:00,2026-08-16 00:00:00+00:00,593
SAFE,3975138.4268,2025-01-01 00:00:00+00:00,2026-08-16 00:00:00+00:00,593
CELR,3910056.69557,2025-01-01 00:00:00+00:00,2026-08-16 00:00:00+00:00,593
1000X,3905118.84335,2025-01-01 00:00:00+00:00,2026-08-16 00:00:00+00:00,593
KNC,3902807.1538,2025-01-01 00:00:00+00:00,2026-08-16 00:00:00+00:00,593
BAND,3816340.78608,2025-01-01 00:00:00+00:00,2026-08-16 00:00:00+00:00,593
VTHO,3803012.296634,2025-01-22 00:00:00+00:00,2026-08-16 00:00:00+00:00,572
ASTR,3783796.686766,2025-01-01 00:00:00+00:00,2026-08-16 00:00:00+00:00,593
JOE,3632447.17678,2025-01-01 00:00:00+00:00,2026-08-16 00:00:00+00:00,593
AKT,3566443.0865,2025-01-01 00:00:00+00:00,2026-08-16 00:00:00+00:00,593
ATA,3387838.389,2025-01-01 00:00:00+00:00,2026-08-16 00:00:00+00:00,593
VELODROME,3352552.66052,2025-01-01 00:00:00+00:00,2026-08-16 00:00:00+00:00,593
D,3351732.97433,2025-01-09 00:00:00+00:00,2026-08-16 00:00:00+00:00,585
TOKEN,3342315.5995,2025-01-01 00:00:00+00:00,2026-08-16 00:00:00+00:00,593
MOVR,3285360.12439,2025-01-01 00:00:00+00:00,2026-08-16 00:00:00+00:00,593
DENT,3276688.052913,2025-01-01 00:00:00+00:00,2026-08-16 00:00:00+00:00,593
TWT,3244240.1947,2025-01-01 00:00:00+00:00,2026-08-16 00:00:00+00:00,593
BICO,3238097.7545,2025-01-01 00:00:00+00:00,2026-08-16 00:00:00+00:00,593
SUN,3225282.685856,2025-01-01 00:00:00+00:00,2026-08-16 00:00:00+00:00,593
NKN,3196982.66705,2025-01-01 00:00:00+00:00,2026-08-16 00:00:00+00:00,593
TLM,3146816.28216,2025-01-01 00:00:00+00:00,2026-08-16 00:00:00+00:00,593
ACX,3097024.72929,2025-01-01 00:00:00+00:00,2026-08-16 00:00:00+00:00,593
1000XEC,3079602.13945,2025-01-01 00:00:00+00:00,2026-08-16 00:00:00+00:00,593
PERP,3068908.15737,2025-01-01 00:00:00+00:00,2026-08-16 00:00:00+00:00,593
SANTOS,3060678.4984,2025-01-01 00:00:00+00:00,2026-08-16 00:00:00+00:00,593
1000WHY,3023748.1527514,2025-01-01 00:00:00+00:00,2026-08-16 00:00:00+00:00,593
AVA,2944105.65002,2025-01-01 00:00:00+00:00,2026-08-16 00:00:00+00:00,593
XVS,2933944.0058,2025-01-01 00:00:00+00:00,2026-08-16 00:00:00+00:00,593
DIA,2820840.0168,2025-01-01 00:00:00+00:00,2026-08-16 00:00:00+00:00,593
DUSK,2819077.51871,2025-01-01 00:00:00+00:00,2026-08-16 00:00:00+00:00,593
POWR,2790512.6886,2025-01-01 00:00:00+00:00,2026-08-16 00:00:00+00:00,593
MTL,2784566.0338,2025-01-01 00:00:00+00:00,2026-08-16 00:00:00+00:00,593
ETHW,2741713.5043,2025-01-01 00:00:00+00:00,2026-08-16 00:00:00+00:00,593
SYS,2575430.13711,2025-01-01 00:00:00+00:00,2026-08-16 00:00:00+00:00,593
G,2571757.61949,2025-01-01 00:00:00+00:00,2026-08-16 00:00:00+00:00,593
STEEM,2557551.93007,2025-01-01 00:00:00+00:00,2026-08-16 00:00:00+00:00,593
SFP,2467953.5335,2025-01-01 00:00:00+00:00,2026-08-16 00:00:00+00:00,593
WAXP,2442557.85526,2025-01-01 00:00:00+00:00,2026-08-16 00:00:00+00:00,593
ONG,2405765.94885,2025-01-01 00:00:00+00:00,2026-08-16 00:00:00+00:00,593
BNT,2384041.00714,2025-01-01 00:00:00+00:00,2026-08-16 00:00:00+00:00,593
FIO,2379873.18383,2025-01-01 00:00:00+00:00,2026-08-16 00:00:00+00:00,593
NTRN,2289686.8253,2025-01-01 00:00:00+00:00,2026-08-16 00:00:00+00:00,593
REI,2237657.34364,2025-01-01 00:00:00+00:00,2026-08-16 00:00:00+00:00,593
LSK,2235267.1124,2025-01-01 00:00:00+00:00,2026-08-16 00:00:00+00:00,593
OXT,2222590.23268,2025-01-01 00:00:00+00:00,2026-08-16 00:00:00+00:00,593
LOKA,2207278.7702,2025-01-01 00:00:00+00:00,2026-08-16 00:00:00+00:00,593
DODOX,2203212.263988,2025-01-01 00:00:00+00:00,2026-08-16 00:00:00+00:00,593
RIF,2198317.90478,2025-01-01 00:00:00+00:00,2026-08-16 00:00:00+00:00,593
SLERF,2176066.0077,2025-01-01 00:00:00+00:00,2026-08-16 00:00:00+00:00,593
QUICK,2107506.5427,2025-01-01 00:00:00+00:00,2026-08-16 00:00:00+00:00,593
FLUX,2106691.0485,2025-01-01 00:00:00+00:00,2026-08-16 00:00:00+00:00,593
COS,1898698.681739,2025-01-01 00:00:00+00:00,2026-08-16 00:00:00+00:00,593
GHST,1875223.4728,2025-01-01 00:00:00+00:00,2026-08-16 00:00:00+00:00,593
SCRT,1824926.7388,2025-01-01 00:00:00+00:00,2026-08-16 00:00:00+00:00,593
MAVIA,1711689.0487,2025-01-01 00:00:00+00:00,2026-08-16 00:00:00+00:00,593
DEFI,1482504.0262,2025-01-01 00:00:00+00:00,2026-08-16 00:00:00+00:00,593
CTK,1232183.6848,2025-01-01 00:00:00+00:00,2026-08-16 00:00:00+00:00,593
CVC,606023.29354,2025-01-01 00:00:00+00:00,2026-08-16 00:00:00+00:00,593
LINA,0.0,2025-01-01 00:00:00+00:00,2026-08-16 00:00:00+00:00,593
BADGER,0.0,2025-01-01 00:00:00+00:00,2026-08-16 00:00:00+00:00,593
SLP,0.0,2025-01-01 00:00:00+00:00,2026-08-16 00:00:00+00:00,593
MDT,0.0,2025-01-01 00:00:00+00:00,2026-08-16 00:00:00+00:00,593
KLAY,0.0,2025-01-01 00:00:00+00:00,2026-08-16 00:00:00+00:00,593
BOND,0.0,2025-01-01 00:00:00+00:00,2026-08-16 00:00:00+00:00,593
RAY,0.0,2025-01-01 00:00:00+00:00,2026-08-16 00:00:00+00:00,593
REEF,0.0,2025-01-01 00:00:00+00:00,2026-08-16 00:00:00+00:00,593
OCEAN,0.0,2025-01-01 00:00:00+00:00,2026-08-16 00:00:00+00:00,593
REN,0.0,2025-01-01 00:00:00+00:00,2026-08-16 00:00:00+00:00,593
BLZ,0.0,2025-01-01 00:00:00+00:00,2026-08-16 00:00:00+00:00,593
TROY,0.0,2025-01-01 00:00:00+00:00,2026-08-16 00:00:00+00:00,593
SNT,0.0,2025-01-01 00:00:00+00:00,2026-08-16 00:00:00+00:00,593
WAVES,0.0,2025-01-01 00:00:00+00:00,2026-08-16 00:00:00+00:00,593
FTM,0.0,2025-01-01 00:00:00+00:00,2026-08-16 00:00:00+00:00,593
IDEX,0.0,2025-01-01 00:00:00+00:00,2026-08-16 00:00:00+00:00,593
DGB,0.0,2025-01-01 00:00:00+00:00,2026-08-16 00:00:00+00:00,593
STMX,0.0,2025-01-01 00:00:00+00:00,2026-08-16 00:00:00+00:00,593
LIT,0.0,2025-01-01 00:00:00+00:00,2026-08-16 00:00:00+00:00,593
FTT,0.0,2025-01-01 00:00:00+00:00,2026-08-16 00:00:00+00:00,593
COMBO,0.0,2025-01-01 00:00:00+00:00,2026-08-16 00:00:00+00:00,593
BTCST,0.0,2025-01-01 00:00:00+00:00,2026-06-30 00:00:00+00:00,546
LOOM,0.0,2025-01-01 00:00:00+00:00,2026-08-16 00:00:00+00:00,593
GLMR,0.0,2025-01-01 00:00:00+00:00,2026-08-16 00:00:00+00:00,593
UNFI,0.0,2025-01-01 00:00:00+00:00,2026-08-16 00:00:00+00:00,593
VIDT,0.0,2025-01-01 00:00:00+00:00,2026-08-16 00:00:00+00:00,593
NULS,0.0,2025-01-01 00:00:00+00:00,2026-08-16 00:00:00+00:00,593
BNX,0.0,2025-01-01 00:00:00+00:00,2026-08-16 00:00:00+00:00,593
ALPACA,0.0,2025-01-01 00:00:00+00:00,2026-08-16 00:00:00+00:00,593
AMB,0.0,2025-01-01 00:00:00+00:00,2026-08-16 00:00:00+00:00,593
AGIX,0.0,2025-01-01 00:00:00+00:00,2026-08-16 00:00:00+00:00,593
CVX,0.0,2025-01-01 00:00:00+00:00,2026-08-16 00:00:00+00:00,593
XEM,0.0,2025-01-01 00:00:00+00:00,2026-08-16 00:00:00+00:00,593
OMG,0.0,2025-01-01 00:00:00+00:00,2026-08-16 00:00:00+00:00,593
BAL,0.0,2025-01-01 00:00:00+00:00,2026-08-16 00:00:00+00:00,593
SC,0.0,2025-01-01 00:00:00+00:00,2026-08-16 00:00:00+00:00,593
ORBS,0.0,2025-01-01 00:00:00+00:00,2026-08-16 00:00:00+00:00,593
RAD,0.0,2025-01-01 00:00:00+00:00,2026-08-16 00:00:00+00:00,593
STRAX,0.0,2025-01-01 00:00:00+00:00,2026-08-16 00:00:00+00:00,593
STPT,0.0,2025-01-01 00:00:00+00:00,2026-08-16 00:00:00+00:00,593
KEY,0.0,2025-01-01 00:00:00+00:00,2026-08-16 00:00:00+00:00,593
DAR,0.0,2025-01-01 00:00:00+00:00,2026-08-16 00:00:00+00:00,593
