round,family,name,hold,sl,tp,tr_trades,tr_pf,tr_mean_bp,tr_t,tr_win,va_trades,va_pf,va_mean_bp,va_t,va_win,status
1051,B1_4HTrend_1HEntry,EMA_Ribbon_RSI_Pullback_H12,12,0.04,0.08,34824,0.77,-38.5,-2.96,42.0,9704,0.89,-13.9,-0.96,47.1,FAIL
1052,B1_4HTrend_1HEntry,EMA_Ribbon_RSI_Pullback_H12,12,0.06,0.12,31921,0.77,-41.1,-2.85,44.0,9160,0.89,-14.5,-0.91,48.6,FAIL
1053,B1_4HTrend_1HEntry,EMA_Ribbon_RSI_Pullback_H18,18,0.04,0.08,30920,0.82,-35.2,-2.23,41.0,8521,0.97,-5.3,-0.29,47.1,FAIL
1054,B1_4HTrend_1HEntry,EMA_Ribbon_RSI_Pullback_H18,18,0.06,0.12,27108,0.82,-36.9,-2.05,44.3,7746,0.97,-5.2,-0.25,49.6,FAIL
1055,B1_4HTrend_1HEntry,EMA_Ribbon_EMA_Pullback_H12,12,0.04,0.08,50047,0.83,-28.4,-2.78,42.3,15804,0.88,-16.6,-1.13,45.7,FAIL
1056,B1_4HTrend_1HEntry,EMA_Ribbon_EMA_Pullback_H12,12,0.06,0.12,47432,0.83,-30.3,-2.59,44.4,15351,0.9,-13.8,-0.86,47.1,FAIL
1057,B1_4HTrend_1HEntry,EMA_Ribbon_EMA_Pullback_H18,18,0.04,0.08,42302,0.86,-26.6,-2.15,40.9,12981,0.95,-7.3,-0.4,46.1,FAIL
1058,B1_4HTrend_1HEntry,EMA_Ribbon_EMA_Pullback_H18,18,0.06,0.12,38579,0.87,-28.1,-1.87,43.9,12291,0.97,-4.2,-0.2,48.2,FAIL
1059,B1_4HTrend_1HEntry,EMA_Ribbon_Keltner_Break_H12,12,0.04,0.08,31255,1.03,5.4,0.31,43.3,10699,0.88,-19.1,-0.58,39.3,FAIL
1060,B1_4HTrend_1HEntry,EMA_Ribbon_Keltner_Break_H12,12,0.06,0.12,27834,1.03,6.1,0.29,45.5,10012,0.87,-21.0,-0.62,40.0,FAIL
1061,B1_4HTrend_1HEntry,EMA_Ribbon_Keltner_Break_H18,18,0.04,0.08,28273,1.04,8.2,0.4,42.8,9255,0.92,-14.4,-0.39,39.8,FAIL
1062,B1_4HTrend_1HEntry,EMA_Ribbon_Keltner_Break_H18,18,0.06,0.12,23989,1.05,11.9,0.47,45.9,8448,0.9,-18.6,-0.5,40.8,FAIL
1063,B1_4HTrend_1HEntry,Supertrend_RSI_Pullback_H12,12,0.04,0.08,30154,0.75,-41.0,-3.29,41.6,8651,0.85,-20.4,-1.26,46.0,FAIL
1064,B1_4HTrend_1HEntry,Supertrend_RSI_Pullback_H12,12,0.06,0.12,27953,0.74,-46.7,-3.34,43.4,8204,0.82,-24.8,-1.37,47.1,FAIL
1065,B1_4HTrend_1HEntry,Supertrend_RSI_Pullback_H18,18,0.04,0.08,26898,0.81,-36.1,-2.4,41.0,7603,0.89,-18.0,-0.89,46.1,FAIL
1066,B1_4HTrend_1HEntry,Supertrend_RSI_Pullback_H18,18,0.06,0.12,24036,0.79,-43.2,-2.51,43.9,6995,0.86,-23.9,-1.0,48.1,FAIL
1067,B1_4HTrend_1HEntry,Supertrend_EMA_Pullback_H12,12,0.04,0.08,50181,0.83,-28.4,-2.99,42.3,15808,0.8,-28.4,-1.92,43.9,FAIL
1068,B1_4HTrend_1HEntry,Supertrend_EMA_Pullback_H12,12,0.06,0.12,47510,0.83,-30.4,-2.82,44.4,15349,0.82,-26.4,-1.59,45.1,FAIL
1069,B1_4HTrend_1HEntry,Supertrend_EMA_Pullback_H18,18,0.04,0.08,42468,0.85,-28.2,-2.43,40.8,12994,0.85,-24.0,-1.29,43.9,FAIL
1070,B1_4HTrend_1HEntry,Supertrend_EMA_Pullback_H18,18,0.06,0.12,38694,0.85,-32.4,-2.34,43.7,12285,0.86,-23.2,-1.08,45.8,FAIL
1071,B1_4HTrend_1HEntry,Supertrend_Keltner_Break_H12,12,0.04,0.08,35379,0.99,-1.0,-0.06,42.7,11800,0.86,-22.1,-0.73,39.3,FAIL
1072,B1_4HTrend_1HEntry,Supertrend_Keltner_Break_H12,12,0.06,0.12,31508,0.99,-1.1,-0.06,44.9,10986,0.87,-22.6,-0.73,40.1,FAIL
1073,B1_4HTrend_1HEntry,Supertrend_Keltner_Break_H18,18,0.04,0.08,31916,1.01,1.2,0.07,42.0,10179,0.87,-22.9,-0.69,38.8,FAIL
1074,B1_4HTrend_1HEntry,Supertrend_Keltner_Break_H18,18,0.06,0.12,27110,1.01,2.2,0.1,45.0,9188,0.86,-26.0,-0.75,39.9,FAIL
1075,B1_4HTrend_1HEntry,Donchian_RSI_Pullback_H12,12,0.04,0.08,17447,0.68,-54.5,-4.29,39.6,5317,0.85,-20.3,-0.92,46.8,FAIL
1076,B1_4HTrend_1HEntry,Donchian_RSI_Pullback_H12,12,0.06,0.12,16764,0.68,-57.6,-3.88,41.6,5168,0.84,-22.8,-0.95,48.0,FAIL
1077,B1_4HTrend_1HEntry,Donchian_RSI_Pullback_H18,18,0.04,0.08,16220,0.77,-43.9,-2.96,40.7,4905,0.78,-36.7,-1.56,42.9,FAIL
1078,B1_4HTrend_1HEntry,Donchian_RSI_Pullback_H18,18,0.06,0.12,15326,0.78,-44.7,-2.55,43.8,4668,0.76,-41.5,-1.6,45.6,FAIL
1079,B1_4HTrend_1HEntry,Donchian_EMA_Pullback_H12,12,0.04,0.08,51531,0.81,-32.1,-3.53,42.1,16189,0.79,-30.1,-2.11,43.1,FAIL
1080,B1_4HTrend_1HEntry,Donchian_EMA_Pullback_H12,12,0.06,0.12,48649,0.81,-34.4,-3.37,44.1,15650,0.82,-25.8,-1.61,44.4,FAIL
1081,B1_4HTrend_1HEntry,Donchian_EMA_Pullback_H18,18,0.04,0.08,43503,0.82,-35.2,-3.19,39.7,13300,0.83,-27.5,-1.51,43.6,FAIL
1082,B1_4HTrend_1HEntry,Donchian_EMA_Pullback_H18,18,0.06,0.12,39462,0.81,-40.1,-3.08,42.3,12530,0.85,-26.4,-1.24,45.7,FAIL
1083,B1_4HTrend_1HEntry,Donchian_Keltner_Break_H12,12,0.04,0.08,44105,1.0,0.2,0.01,43.2,13844,0.95,-7.3,-0.27,41.8,FAIL
1084,B1_4HTrend_1HEntry,Donchian_Keltner_Break_H12,12,0.06,0.12,39710,0.99,-2.1,-0.12,45.1,12900,0.96,-5.6,-0.21,42.7,FAIL
1085,B1_4HTrend_1HEntry,Donchian_Keltner_Break_H18,18,0.04,0.08,39582,1.01,2.0,0.11,42.8,12000,0.96,-6.8,-0.22,41.4,FAIL
1086,B1_4HTrend_1HEntry,Donchian_Keltner_Break_H18,18,0.06,0.12,33911,1.01,2.1,0.1,45.6,10780,0.94,-10.4,-0.33,42.6,FAIL
1087,B1_4HTrend_1HEntry,MACD_Hist_RSI_Pullback_H12,12,0.04,0.08,23134,0.75,-42.8,-2.85,40.8,6995,0.8,-30.0,-1.36,43.3,FAIL
1088,B1_4HTrend_1HEntry,MACD_Hist_RSI_Pullback_H12,12,0.06,0.12,21669,0.75,-45.0,-2.63,43.2,6774,0.75,-38.2,-1.55,43.9,FAIL
1089,B1_4HTrend_1HEntry,MACD_Hist_RSI_Pullback_H18,18,0.04,0.08,21448,0.83,-33.0,-1.91,41.3,6348,0.69,-52.9,-2.32,40.5,FAIL
1090,B1_4HTrend_1HEntry,MACD_Hist_RSI_Pullback_H18,18,0.06,0.12,19635,0.84,-32.8,-1.62,44.6,6024,0.66,-63.4,-2.4,42.5,FAIL
1091,B1_4HTrend_1HEntry,MACD_Hist_EMA_Pullback_H12,12,0.04,0.08,51440,0.84,-27.6,-2.85,42.4,16071,0.66,-52.1,-3.55,39.0,FAIL
1092,B1_4HTrend_1HEntry,MACD_Hist_EMA_Pullback_H12,12,0.06,0.12,48577,0.83,-29.1,-2.68,44.3,15516,0.69,-49.4,-3.14,40.3,FAIL
1093,B1_4HTrend_1HEntry,MACD_Hist_EMA_Pullback_H18,18,0.04,0.08,43393,0.85,-28.8,-2.5,40.6,13304,0.67,-60.4,-3.17,38.8,FAIL
1094,B1_4HTrend_1HEntry,MACD_Hist_EMA_Pullback_H18,18,0.06,0.12,39343,0.85,-31.9,-2.31,43.2,12463,0.66,-66.0,-3.1,40.7,FAIL
1095,B1_4HTrend_1HEntry,MACD_Hist_Keltner_Break_H12,12,0.04,0.08,40513,1.0,0.1,0.01,43.2,12088,0.96,-6.1,-0.21,43.4,FAIL
1096,B1_4HTrend_1HEntry,MACD_Hist_Keltner_Break_H12,12,0.06,0.12,36511,1.0,-0.8,-0.04,45.2,11222,0.95,-8.1,-0.29,44.1,FAIL
1097,B1_4HTrend_1HEntry,MACD_Hist_Keltner_Break_H18,18,0.04,0.08,36427,1.0,0.2,0.01,42.4,10651,0.96,-8.2,-0.25,42.4,FAIL
1098,B1_4HTrend_1HEntry,MACD_Hist_Keltner_Break_H18,18,0.06,0.12,31340,1.0,-0.7,-0.03,45.2,9568,0.92,-16.7,-0.52,43.4,FAIL
1099,B1_4HTrend_1HEntry,EMA_VolSurge_var1099,18,0.06,0.12,17884,1.07,16.2,0.56,46.0,6168,0.88,-25.5,-0.54,43.4,FAIL
1100,B1_4HTrend_1HEntry,EMA_VolSurge_var1100,18,0.06,0.12,17884,1.07,16.2,0.56,46.0,6168,0.88,-25.5,-0.54,43.4,FAIL
1101,B2_MTF_Squeeze,Dual_Squeeze_NoFlow_H12,12,0.05,0.1,2669,1.52,73.6,2.02,53.9,1104,1.59,67.2,0.98,50.5,PASS_TRAIN_ONLY
1102,B2_MTF_Squeeze,Dual_Squeeze_NoFlow_H12,12,0.07,0.14,2645,1.45,66.4,1.8,54.9,1098,1.67,74.1,0.95,50.5,PASS_TRAIN_ONLY
1103,B2_MTF_Squeeze,Dual_Squeeze_NoFlow_H18,18,0.05,0.1,2643,1.46,76.8,1.88,52.4,1091,1.57,75.4,1.03,51.7,PASS_TRAIN_ONLY
1104,B2_MTF_Squeeze,Dual_Squeeze_NoFlow_H18,18,0.07,0.14,2616,1.46,79.2,1.67,53.9,1084,1.61,81.4,0.94,51.8,PASS_TRAIN_ONLY
1105,B2_MTF_Squeeze,Dual_Squeeze_NoFlow_H24,24,0.05,0.1,2592,1.5,92.3,2.13,51.4,1062,1.48,73.6,0.96,50.5,PASS_TRAIN_ONLY
1106,B2_MTF_Squeeze,Dual_Squeeze_NoFlow_H24,24,0.07,0.14,2562,1.39,78.6,1.61,52.5,1048,1.43,70.2,0.79,50.6,PASS_TRAIN_ONLY
1107,B2_MTF_Squeeze,Dual_Squeeze_Flow55_H12,12,0.05,0.1,1519,1.89,107.7,2.13,57.8,740,1.7,76.7,1.06,53.1,PASS_TRAIN_ONLY
1108,B2_MTF_Squeeze,Dual_Squeeze_Flow55_H12,12,0.07,0.14,1515,1.72,93.6,1.93,58.4,736,1.78,81.6,1.09,53.3,PASS_TRAIN_ONLY
1109,B2_MTF_Squeeze,Dual_Squeeze_Flow55_H18,18,0.05,0.1,1506,1.75,110.0,1.95,55.8,735,1.75,92.7,1.22,55.0,PASS_TRAIN_ONLY
1110,B2_MTF_Squeeze,Dual_Squeeze_Flow55_H18,18,0.07,0.14,1502,1.72,111.7,1.67,57.1,731,1.81,96.7,1.2,55.4,PASS_TRAIN_ONLY
1111,B2_MTF_Squeeze,Dual_Squeeze_Flow55_H24,24,0.05,0.1,1483,1.79,129.8,2.21,55.0,720,1.62,89.6,1.1,54.4,PASS_TRAIN_ONLY
1112,B2_MTF_Squeeze,Dual_Squeeze_Flow55_H24,24,0.07,0.14,1479,1.61,112.0,1.66,55.4,714,1.57,86.0,0.98,54.9,PASS_TRAIN_ONLY
1113,B2_MTF_Squeeze,Dual_Squeeze_Flow60_H12,12,0.05,0.1,479,2.06,113.9,1.9,57.2,301,1.71,78.1,1.02,50.8,PASS_TRAIN_ONLY
1114,B2_MTF_Squeeze,Dual_Squeeze_Flow60_H12,12,0.07,0.14,478,2.0,111.9,1.87,58.8,301,1.76,77.2,1.12,51.2,PASS_TRAIN_ONLY
1115,B2_MTF_Squeeze,Dual_Squeeze_Flow60_H18,18,0.05,0.1,479,1.95,124.0,1.87,57.6,301,1.86,103.9,1.3,55.1,PASS_TRAIN_ONLY
1116,B2_MTF_Squeeze,Dual_Squeeze_Flow60_H18,18,0.07,0.14,478,1.95,131.4,1.61,59.2,301,1.84,97.2,1.37,56.1,PASS_TRAIN_ONLY
1117,B2_MTF_Squeeze,Dual_Squeeze_Flow60_H24,24,0.05,0.1,474,1.91,140.4,1.94,54.9,299,1.78,107.3,1.28,58.5,PASS_TRAIN_ONLY
1118,B2_MTF_Squeeze,Dual_Squeeze_Flow60_H24,24,0.07,0.14,473,1.75,127.5,1.48,55.2,299,1.69,96.2,1.23,59.2,FAIL
1119,B2_MTF_Squeeze,4H_Squeeze_Only_NoFlow_H12,12,0.05,0.1,9877,1.18,28.1,1.36,48.6,3428,1.4,47.2,0.98,51.2,FAIL
1120,B2_MTF_Squeeze,4H_Squeeze_Only_NoFlow_H12,12,0.07,0.14,9490,1.18,27.6,1.32,49.7,3312,1.53,58.8,1.12,51.8,FAIL
1121,B2_MTF_Squeeze,4H_Squeeze_Only_NoFlow_H18,18,0.05,0.1,9152,1.2,35.7,1.44,48.2,3121,1.4,57.6,1.08,50.9,FAIL
1122,B2_MTF_Squeeze,4H_Squeeze_Only_NoFlow_H18,18,0.07,0.14,8620,1.21,38.6,1.37,49.8,2970,1.56,76.5,1.23,52.3,FAIL
1123,B2_MTF_Squeeze,4H_Squeeze_Only_NoFlow_H24,24,0.05,0.1,8707,1.28,55.7,1.93,47.7,2957,1.51,79.6,1.41,52.1,FAIL
1124,B2_MTF_Squeeze,4H_Squeeze_Only_NoFlow_H24,24,0.07,0.14,8109,1.25,53.6,1.62,49.5,2781,1.57,89.4,1.44,53.2,FAIL
1125,B2_MTF_Squeeze,4H_Squeeze_Only_Flow55_H12,12,0.05,0.1,6522,1.29,39.8,1.66,50.6,2521,1.4,45.9,1.06,51.7,FAIL
1126,B2_MTF_Squeeze,4H_Squeeze_Only_Flow55_H12,12,0.07,0.14,6401,1.26,36.8,1.56,51.5,2467,1.56,59.9,1.27,52.5,FAIL
1127,B2_MTF_Squeeze,4H_Squeeze_Only_Flow55_H18,18,0.05,0.1,6179,1.31,50.0,1.77,50.0,2334,1.43,59.2,1.21,51.6,PASS_TRAIN_ONLY
1128,B2_MTF_Squeeze,4H_Squeeze_Only_Flow55_H18,18,0.07,0.14,6006,1.32,52.9,1.68,51.5,2262,1.61,78.0,1.39,53.0,PASS_TRAIN_ONLY
1129,B2_MTF_Squeeze,4H_Squeeze_Only_Flow55_H24,24,0.05,0.1,5957,1.43,77.8,2.4,50.2,2235,1.54,79.7,1.49,53.8,PASS_TRAIN_ONLY
1130,B2_MTF_Squeeze,4H_Squeeze_Only_Flow55_H24,24,0.07,0.14,5739,1.43,81.2,2.21,51.9,2135,1.67,95.6,1.61,55.5,PASS_RELAXED
1131,B2_MTF_Squeeze,4H_Squeeze_Only_Flow60_H12,12,0.05,0.1,2428,1.35,44.2,1.52,51.1,1245,1.37,40.8,0.97,50.5,PASS_TRAIN_ONLY
1132,B2_MTF_Squeeze,4H_Squeeze_Only_Flow60_H12,12,0.07,0.14,2412,1.32,41.4,1.45,51.7,1237,1.48,49.3,1.19,51.0,FAIL
1133,B2_MTF_Squeeze,4H_Squeeze_Only_Flow60_H18,18,0.05,0.1,2372,1.39,58.4,1.68,50.9,1187,1.49,62.7,1.24,52.4,PASS_TRAIN_ONLY
1134,B2_MTF_Squeeze,4H_Squeeze_Only_Flow60_H18,18,0.07,0.14,2348,1.38,58.9,1.5,52.2,1176,1.56,70.7,1.4,53.1,FAIL
1135,B2_MTF_Squeeze,4H_Squeeze_Only_Flow60_H24,24,0.05,0.1,2326,1.52,88.2,2.14,51.5,1151,1.61,84.9,1.47,55.4,PASS_TRAIN_ONLY
1136,B2_MTF_Squeeze,4H_Squeeze_Only_Flow60_H24,24,0.07,0.14,2295,1.51,90.8,1.9,52.5,1136,1.66,91.4,1.56,56.4,PASS_RELAXED
1137,B2_MTF_Squeeze,1H_Squeeze_Only_NoFlow_H12,12,0.05,0.1,10725,1.08,12.7,0.65,47.0,3752,0.96,-6.8,-0.16,43.4,FAIL
1138,B2_MTF_Squeeze,1H_Squeeze_Only_NoFlow_H12,12,0.07,0.14,10634,1.03,5.0,0.25,47.6,3710,1.0,0.4,0.01,43.7,FAIL
1139,B2_MTF_Squeeze,1H_Squeeze_Only_NoFlow_H18,18,0.05,0.1,10571,1.07,14.1,0.63,47.8,3677,0.99,-2.6,-0.06,44.9,FAIL
1140,B2_MTF_Squeeze,1H_Squeeze_Only_NoFlow_H18,18,0.07,0.14,10460,1.03,6.9,0.28,49.0,3625,1.02,3.6,0.07,45.5,FAIL
1141,B2_MTF_Squeeze,1H_Squeeze_Only_NoFlow_H24,24,0.05,0.1,10090,1.06,13.3,0.54,45.1,3533,0.94,-12.1,-0.25,42.4,FAIL
1142,B2_MTF_Squeeze,1H_Squeeze_Only_NoFlow_H24,24,0.07,0.14,9934,0.99,-1.4,-0.05,46.4,3463,0.96,-7.5,-0.14,43.6,FAIL
1143,B2_MTF_Squeeze,1H_Squeeze_Only_Flow55_H12,12,0.05,0.1,6165,1.23,33.7,1.39,49.8,2434,0.98,-3.7,-0.08,44.4,FAIL
1144,B2_MTF_Squeeze,1H_Squeeze_Only_Flow55_H12,12,0.07,0.14,6144,1.19,29.3,1.2,50.5,2421,1.01,1.6,0.04,44.6,FAIL
1145,B2_MTF_Squeeze,1H_Squeeze_Only_Flow55_H18,18,0.05,0.1,6108,1.21,35.3,1.28,50.6,2402,1.01,2.4,0.05,45.8,FAIL
1146,B2_MTF_Squeeze,1H_Squeeze_Only_Flow55_H18,18,0.07,0.14,6083,1.19,34.2,1.14,52.0,2384,1.04,7.3,0.16,46.5,FAIL
1147,B2_MTF_Squeeze,1H_Squeeze_Only_Flow55_H24,24,0.05,0.1,5885,1.19,37.5,1.25,47.6,2341,0.96,-8.5,-0.17,43.9,FAIL
1148,B2_MTF_Squeeze,1H_Squeeze_Only_Flow55_H24,24,0.07,0.14,5844,1.14,29.8,0.92,49.1,2316,0.97,-6.2,-0.12,44.9,FAIL
1149,B2_MTF_Squeeze,1H_Squeeze_Only_Flow60_H12,12,0.05,0.1,1996,1.31,41.7,1.37,51.2,956,1.0,0.7,0.02,44.6,FAIL
1150,B2_MTF_Squeeze,1H_Squeeze_Only_Flow60_H12,12,0.07,0.14,1993,1.29,39.6,1.28,52.0,956,1.05,6.5,0.16,45.0,FAIL
1151,B3_4HSweep_Absorption,Sweep_PinBar_H8_SL4,8,0.04,0.08,23969,0.84,-22.6,-2.23,46.0,6885,0.81,-23.5,-1.35,46.7,FAIL
1152,B3_4HSweep_Absorption,Sweep_PinBar_H8_SL6,8,0.06,0.12,23370,0.86,-20.8,-1.85,48.0,6785,0.82,-22.8,-1.14,47.6,FAIL
1153,B3_4HSweep_Absorption,Sweep_PinBar_H12_SL4,12,0.04,0.08,22547,0.89,-17.8,-1.47,45.5,6473,0.84,-23.3,-1.09,46.7,FAIL
1154,B3_4HSweep_Absorption,Sweep_PinBar_H12_SL6,12,0.06,0.12,21548,0.91,-15.5,-1.09,48.1,6294,0.84,-24.6,-1.0,48.1,FAIL
1155,B3_4HSweep_Absorption,Sweep_PinBar_H18_SL4,18,0.04,0.08,21311,0.91,-16.8,-1.17,43.8,6097,0.89,-18.6,-0.74,45.4,FAIL
1156,B3_4HSweep_Absorption,Sweep_PinBar_H18_SL6,18,0.06,0.12,19816,0.92,-16.1,-0.93,47.4,5798,0.91,-14.9,-0.5,48.2,FAIL
1157,B3_4HSweep_Absorption,Sweep_Flow55_H8_SL4,8,0.04,0.08,17162,0.86,-18.3,-1.8,46.6,5400,0.74,-30.9,-2.45,46.0,FAIL
1158,B3_4HSweep_Absorption,Sweep_Flow55_H8_SL6,8,0.06,0.12,16937,0.85,-20.7,-1.92,47.7,5333,0.75,-30.8,-2.25,46.8,FAIL
1159,B3_4HSweep_Absorption,Sweep_Flow55_H12_SL4,12,0.04,0.08,16318,0.93,-11.0,-0.88,45.8,5151,0.8,-28.8,-1.75,46.7,FAIL
1160,B3_4HSweep_Absorption,Sweep_Flow55_H12_SL6,12,0.06,0.12,15866,0.93,-10.7,-0.76,48.1,5036,0.81,-27.8,-1.53,48.0,FAIL
1161,B3_4HSweep_Absorption,Sweep_Flow55_H18_SL4,18,0.04,0.08,15560,0.97,-5.7,-0.39,45.3,4894,0.86,-23.2,-1.21,46.2,FAIL
1162,B3_4HSweep_Absorption,Sweep_Flow55_H18_SL6,18,0.06,0.12,14789,0.97,-5.4,-0.32,48.5,4685,0.87,-21.1,-0.97,48.8,FAIL
1163,B3_4HSweep_Absorption,Sweep_Flow60_H8_SL4,8,0.04,0.08,5523,0.85,-18.7,-1.53,46.8,2248,0.74,-30.7,-2.38,45.5,FAIL
1164,B3_4HSweep_Absorption,Sweep_Flow60_H8_SL6,8,0.06,0.12,5503,0.86,-17.1,-1.31,47.8,2234,0.74,-31.7,-2.25,46.2,FAIL
1165,B3_4HSweep_Absorption,Sweep_Flow60_H12_SL4,12,0.04,0.08,5388,0.95,-7.0,-0.47,46.4,2198,0.78,-31.5,-1.9,46.2,FAIL
1166,B3_4HSweep_Absorption,Sweep_Flow60_H12_SL6,12,0.06,0.12,5341,0.97,-4.0,-0.24,48.2,2171,0.8,-28.5,-1.58,47.5,FAIL
1167,B3_4HSweep_Absorption,Sweep_Flow60_H18_SL4,18,0.04,0.08,5260,0.97,-4.3,-0.25,46.2,2138,0.86,-22.3,-1.14,45.4,FAIL
1168,B3_4HSweep_Absorption,Sweep_Flow60_H18_SL6,18,0.06,0.12,5153,0.99,-1.7,-0.09,49.1,2096,0.86,-23.1,-1.04,47.5,FAIL
1169,B3_4HSweep_Absorption,Sweep_RSI_Ext_H8_SL4,8,0.04,0.08,14753,0.81,-29.9,-1.98,44.8,4010,0.72,-39.5,-1.56,45.8,FAIL
1170,B3_4HSweep_Absorption,Sweep_RSI_Ext_H8_SL6,8,0.06,0.12,13729,0.81,-32.5,-1.83,47.2,3805,0.7,-45.8,-1.52,47.2,FAIL
1171,B3_4HSweep_Absorption,Sweep_RSI_Ext_H12_SL4,12,0.04,0.08,14101,0.83,-30.7,-1.75,43.1,3813,0.77,-35.8,-1.28,45.2,FAIL
1172,B3_4HSweep_Absorption,Sweep_RSI_Ext_H12_SL6,12,0.06,0.12,12879,0.84,-33.1,-1.53,46.4,3553,0.74,-45.1,-1.33,46.9,FAIL
1173,B3_4HSweep_Absorption,Sweep_RSI_Ext_H18_SL4,18,0.04,0.08,13784,0.85,-29.8,-1.5,41.6,3689,0.73,-49.1,-1.66,42.9,FAIL
1174,B3_4HSweep_Absorption,Sweep_RSI_Ext_H18_SL6,18,0.06,0.12,12315,0.88,-29.0,-1.15,46.1,3394,0.7,-61.3,-1.62,45.0,FAIL
1175,B3_4HSweep_Absorption,Sweep_PinFlow_var1175,12,0.05,0.1,4399,0.85,-23.4,-1.63,47.1,1703,0.78,-34.0,-1.62,47.2,FAIL
1176,B3_4HSweep_Absorption,Sweep_PinFlow_var1176,12,0.05,0.1,4399,0.85,-23.4,-1.63,47.1,1703,0.78,-34.0,-1.62,47.2,FAIL
1177,B3_4HSweep_Absorption,Sweep_PinFlow_var1177,12,0.05,0.1,4399,0.85,-23.4,-1.63,47.1,1703,0.78,-34.0,-1.62,47.2,FAIL
1178,B3_4HSweep_Absorption,Sweep_PinFlow_var1178,12,0.05,0.1,4399,0.85,-23.4,-1.63,47.1,1703,0.78,-34.0,-1.62,47.2,FAIL
1179,B3_4HSweep_Absorption,Sweep_PinFlow_var1179,12,0.05,0.1,4399,0.85,-23.4,-1.63,47.1,1703,0.78,-34.0,-1.62,47.2,FAIL
1180,B3_4HSweep_Absorption,Sweep_PinFlow_var1180,12,0.05,0.1,4399,0.85,-23.4,-1.63,47.1,1703,0.78,-34.0,-1.62,47.2,FAIL
1181,B3_4HSweep_Absorption,Sweep_PinFlow_var1181,12,0.05,0.1,4399,0.85,-23.4,-1.63,47.1,1703,0.78,-34.0,-1.62,47.2,FAIL
1182,B3_4HSweep_Absorption,Sweep_PinFlow_var1182,12,0.05,0.1,4399,0.85,-23.4,-1.63,47.1,1703,0.78,-34.0,-1.62,47.2,FAIL
1183,B3_4HSweep_Absorption,Sweep_PinFlow_var1183,12,0.05,0.1,4399,0.85,-23.4,-1.63,47.1,1703,0.78,-34.0,-1.62,47.2,FAIL
1184,B3_4HSweep_Absorption,Sweep_PinFlow_var1184,12,0.05,0.1,4399,0.85,-23.4,-1.63,47.1,1703,0.78,-34.0,-1.62,47.2,FAIL
1185,B3_4HSweep_Absorption,Sweep_PinFlow_var1185,12,0.05,0.1,4399,0.85,-23.4,-1.63,47.1,1703,0.78,-34.0,-1.62,47.2,FAIL
1186,B3_4HSweep_Absorption,Sweep_PinFlow_var1186,12,0.05,0.1,4399,0.85,-23.4,-1.63,47.1,1703,0.78,-34.0,-1.62,47.2,FAIL
1187,B3_4HSweep_Absorption,Sweep_PinFlow_var1187,12,0.05,0.1,4399,0.85,-23.4,-1.63,47.1,1703,0.78,-34.0,-1.62,47.2,FAIL
1188,B3_4HSweep_Absorption,Sweep_PinFlow_var1188,12,0.05,0.1,4399,0.85,-23.4,-1.63,47.1,1703,0.78,-34.0,-1.62,47.2,FAIL
1189,B3_4HSweep_Absorption,Sweep_PinFlow_var1189,12,0.05,0.1,4399,0.85,-23.4,-1.63,47.1,1703,0.78,-34.0,-1.62,47.2,FAIL
1190,B3_4HSweep_Absorption,Sweep_PinFlow_var1190,12,0.05,0.1,4399,0.85,-23.4,-1.63,47.1,1703,0.78,-34.0,-1.62,47.2,FAIL
1191,B3_4HSweep_Absorption,Sweep_PinFlow_var1191,12,0.05,0.1,4399,0.85,-23.4,-1.63,47.1,1703,0.78,-34.0,-1.62,47.2,FAIL
1192,B3_4HSweep_Absorption,Sweep_PinFlow_var1192,12,0.05,0.1,4399,0.85,-23.4,-1.63,47.1,1703,0.78,-34.0,-1.62,47.2,FAIL
1193,B3_4HSweep_Absorption,Sweep_PinFlow_var1193,12,0.05,0.1,4399,0.85,-23.4,-1.63,47.1,1703,0.78,-34.0,-1.62,47.2,FAIL
1194,B3_4HSweep_Absorption,Sweep_PinFlow_var1194,12,0.05,0.1,4399,0.85,-23.4,-1.63,47.1,1703,0.78,-34.0,-1.62,47.2,FAIL
1195,B3_4HSweep_Absorption,Sweep_PinFlow_var1195,12,0.05,0.1,4399,0.85,-23.4,-1.63,47.1,1703,0.78,-34.0,-1.62,47.2,FAIL
1196,B3_4HSweep_Absorption,Sweep_PinFlow_var1196,12,0.05,0.1,4399,0.85,-23.4,-1.63,47.1,1703,0.78,-34.0,-1.62,47.2,FAIL
1197,B3_4HSweep_Absorption,Sweep_PinFlow_var1197,12,0.05,0.1,4399,0.85,-23.4,-1.63,47.1,1703,0.78,-34.0,-1.62,47.2,FAIL
1198,B3_4HSweep_Absorption,Sweep_PinFlow_var1198,12,0.05,0.1,4399,0.85,-23.4,-1.63,47.1,1703,0.78,-34.0,-1.62,47.2,FAIL
1199,B3_4HSweep_Absorption,Sweep_PinFlow_var1199,12,0.05,0.1,4399,0.85,-23.4,-1.63,47.1,1703,0.78,-34.0,-1.62,47.2,FAIL
1200,B3_4HSweep_Absorption,Sweep_PinFlow_var1200,12,0.05,0.1,4399,0.85,-23.4,-1.63,47.1,1703,0.78,-34.0,-1.62,47.2,FAIL
1201,B4_Deriv_Positioning,Funding_EMAFlip_H8_SL5,8,0.05,0.1,4999,0.92,-16.0,-1.42,41.7,2230,0.78,-37.5,-2.67,39.1,FAIL
1202,B4_Deriv_Positioning,Funding_EMAFlip_H8_SL7,8,0.07,0.14,4647,0.91,-16.6,-1.35,43.2,2127,0.82,-30.7,-1.97,40.3,FAIL
1203,B4_Deriv_Positioning,Funding_EMAFlip_H12_SL5,12,0.05,0.1,4478,0.94,-12.1,-0.9,41.9,1970,0.79,-42.4,-2.45,39.1,FAIL
1204,B4_Deriv_Positioning,Funding_EMAFlip_H12_SL7,12,0.07,0.14,4052,0.95,-11.1,-0.72,44.5,1843,0.82,-35.6,-1.81,40.7,FAIL
1205,B4_Deriv_Positioning,Funding_EMAFlip_H18_SL5,18,0.05,0.1,4070,0.94,-15.5,-1.02,40.3,1753,0.8,-44.9,-2.07,39.0,FAIL
1206,B4_Deriv_Positioning,Funding_EMAFlip_H18_SL7,18,0.07,0.14,3608,0.94,-15.5,-0.82,42.7,1597,0.83,-39.0,-1.5,41.0,FAIL
1207,B4_Deriv_Positioning,FundingExt_RSIRev_H8_SL5,8,0.05,0.1,245,0.58,-108.3,-3.06,34.3,117,0.83,-30.5,-0.51,47.9,FAIL
1208,B4_Deriv_Positioning,FundingExt_RSIRev_H8_SL7,8,0.07,0.14,234,0.7,-81.2,-1.82,38.5,113,0.83,-33.7,-0.58,48.7,FAIL
1209,B4_Deriv_Positioning,FundingExt_RSIRev_H12_SL5,12,0.05,0.1,238,0.55,-126.8,-3.19,31.5,114,0.8,-38.9,-0.64,45.6,FAIL
1210,B4_Deriv_Positioning,FundingExt_RSIRev_H12_SL7,12,0.07,0.14,224,0.69,-93.1,-1.96,37.5,108,0.81,-44.3,-0.71,46.3,FAIL
1211,B4_Deriv_Positioning,FundingExt_RSIRev_H18_SL5,18,0.05,0.1,238,0.56,-138.1,-3.23,29.8,112,0.68,-75.0,-1.14,35.7,FAIL
1212,B4_Deriv_Positioning,FundingExt_RSIRev_H18_SL7,18,0.07,0.14,221,0.73,-91.2,-1.75,35.7,105,0.7,-80.7,-1.17,36.2,FAIL
1213,B4_Deriv_Positioning,OIFlush_PinRebound_H8_SL5,8,0.05,0.1,3934,0.86,-32.6,-1.4,41.7,726,1.34,46.5,1.48,51.2,FAIL
1214,B4_Deriv_Positioning,OIFlush_PinRebound_H8_SL7,8,0.07,0.14,3810,0.86,-34.5,-1.17,44.4,714,1.37,51.1,1.59,52.0,PASS_VALID_ONLY
1215,B4_Deriv_Positioning,OIFlush_PinRebound_H12_SL5,12,0.05,0.1,3906,0.86,-34.5,-1.37,40.2,720,1.34,53.9,1.71,51.8,PASS_VALID_ONLY
1216,B4_Deriv_Positioning,OIFlush_PinRebound_H12_SL7,12,0.07,0.14,3757,0.86,-38.5,-1.09,43.4,707,1.38,61.3,1.91,52.8,PASS_VALID_ONLY
1217,B4_Deriv_Positioning,OIFlush_PinRebound_H18_SL5,18,0.05,0.1,3863,0.86,-38.0,-1.5,38.3,711,1.37,66.2,1.99,50.2,PASS_VALID_ONLY
1218,B4_Deriv_Positioning,OIFlush_PinRebound_H18_SL7,18,0.07,0.14,3675,0.86,-43.6,-1.18,41.4,693,1.36,67.5,1.87,51.8,PASS_VALID_ONLY
1219,B4_Deriv_Positioning,TrappedLate_FlowRev_H8_SL5,8,0.05,0.1,182,1.18,25.3,0.57,48.9,68,1.0,0.3,0.01,57.4,FAIL
1220,B4_Deriv_Positioning,TrappedLate_FlowRev_H8_SL7,8,0.07,0.14,182,1.06,9.7,0.22,48.9,68,0.87,-21.3,-0.38,57.4,FAIL
1221,B4_Deriv_Positioning,TrappedLate_FlowRev_H12_SL5,12,0.05,0.1,182,1.01,2.3,0.05,48.4,68,0.95,-8.8,-0.16,54.4,FAIL
1222,B4_Deriv_Positioning,TrappedLate_FlowRev_H12_SL7,12,0.07,0.14,182,0.84,-30.8,-0.7,49.5,68,0.82,-35.2,-0.56,54.4,FAIL
1223,B4_Deriv_Positioning,TrappedLate_FlowRev_H18_SL5,18,0.05,0.1,182,1.23,43.7,0.68,48.4,68,1.21,35.2,0.56,52.9,FAIL
1224,B4_Deriv_Positioning,TrappedLate_FlowRev_H18_SL7,18,0.07,0.14,182,1.1,21.3,0.29,48.4,68,1.07,13.3,0.18,54.4,FAIL
1225,B4_Deriv_Positioning,Funding_KeltBreak_var1225,18,0.07,0.14,422,0.99,-2.9,-0.07,43.1,189,0.67,-74.4,-1.79,37.6,FAIL
1226,B4_Deriv_Positioning,Funding_KeltBreak_var1226,18,0.07,0.14,422,0.99,-2.9,-0.07,43.1,189,0.67,-74.4,-1.79,37.6,FAIL
1227,B4_Deriv_Positioning,Funding_KeltBreak_var1227,18,0.07,0.14,422,0.99,-2.9,-0.07,43.1,189,0.67,-74.4,-1.79,37.6,FAIL
1228,B4_Deriv_Positioning,Funding_KeltBreak_var1228,18,0.07,0.14,422,0.99,-2.9,-0.07,43.1,189,0.67,-74.4,-1.79,37.6,FAIL
1229,B4_Deriv_Positioning,Funding_KeltBreak_var1229,18,0.07,0.14,422,0.99,-2.9,-0.07,43.1,189,0.67,-74.4,-1.79,37.6,FAIL
1230,B4_Deriv_Positioning,Funding_KeltBreak_var1230,18,0.07,0.14,422,0.99,-2.9,-0.07,43.1,189,0.67,-74.4,-1.79,37.6,FAIL
1231,B4_Deriv_Positioning,Funding_KeltBreak_var1231,18,0.07,0.14,422,0.99,-2.9,-0.07,43.1,189,0.67,-74.4,-1.79,37.6,FAIL
1232,B4_Deriv_Positioning,Funding_KeltBreak_var1232,18,0.07,0.14,422,0.99,-2.9,-0.07,43.1,189,0.67,-74.4,-1.79,37.6,FAIL
1233,B4_Deriv_Positioning,Funding_KeltBreak_var1233,18,0.07,0.14,422,0.99,-2.9,-0.07,43.1,189,0.67,-74.4,-1.79,37.6,FAIL
1234,B4_Deriv_Positioning,Funding_KeltBreak_var1234,18,0.07,0.14,422,0.99,-2.9,-0.07,43.1,189,0.67,-74.4,-1.79,37.6,FAIL
1235,B4_Deriv_Positioning,Funding_KeltBreak_var1235,18,0.07,0.14,422,0.99,-2.9,-0.07,43.1,189,0.67,-74.4,-1.79,37.6,FAIL
1236,B4_Deriv_Positioning,Funding_KeltBreak_var1236,18,0.07,0.14,422,0.99,-2.9,-0.07,43.1,189,0.67,-74.4,-1.79,37.6,FAIL
1237,B4_Deriv_Positioning,Funding_KeltBreak_var1237,18,0.07,0.14,422,0.99,-2.9,-0.07,43.1,189,0.67,-74.4,-1.79,37.6,FAIL
1238,B4_Deriv_Positioning,Funding_KeltBreak_var1238,18,0.07,0.14,422,0.99,-2.9,-0.07,43.1,189,0.67,-74.4,-1.79,37.6,FAIL
1239,B4_Deriv_Positioning,Funding_KeltBreak_var1239,18,0.07,0.14,422,0.99,-2.9,-0.07,43.1,189,0.67,-74.4,-1.79,37.6,FAIL
1240,B4_Deriv_Positioning,Funding_KeltBreak_var1240,18,0.07,0.14,422,0.99,-2.9,-0.07,43.1,189,0.67,-74.4,-1.79,37.6,FAIL
1241,B4_Deriv_Positioning,Funding_KeltBreak_var1241,18,0.07,0.14,422,0.99,-2.9,-0.07,43.1,189,0.67,-74.4,-1.79,37.6,FAIL
1242,B4_Deriv_Positioning,Funding_KeltBreak_var1242,18,0.07,0.14,422,0.99,-2.9,-0.07,43.1,189,0.67,-74.4,-1.79,37.6,FAIL
1243,B4_Deriv_Positioning,Funding_KeltBreak_var1243,18,0.07,0.14,422,0.99,-2.9,-0.07,43.1,189,0.67,-74.4,-1.79,37.6,FAIL
1244,B4_Deriv_Positioning,Funding_KeltBreak_var1244,18,0.07,0.14,422,0.99,-2.9,-0.07,43.1,189,0.67,-74.4,-1.79,37.6,FAIL
1245,B4_Deriv_Positioning,Funding_KeltBreak_var1245,18,0.07,0.14,422,0.99,-2.9,-0.07,43.1,189,0.67,-74.4,-1.79,37.6,FAIL
1246,B4_Deriv_Positioning,Funding_KeltBreak_var1246,18,0.07,0.14,422,0.99,-2.9,-0.07,43.1,189,0.67,-74.4,-1.79,37.6,FAIL
1247,B4_Deriv_Positioning,Funding_KeltBreak_var1247,18,0.07,0.14,422,0.99,-2.9,-0.07,43.1,189,0.67,-74.4,-1.79,37.6,FAIL
1248,B4_Deriv_Positioning,Funding_KeltBreak_var1248,18,0.07,0.14,422,0.99,-2.9,-0.07,43.1,189,0.67,-74.4,-1.79,37.6,FAIL
1249,B4_Deriv_Positioning,Funding_KeltBreak_var1249,18,0.07,0.14,422,0.99,-2.9,-0.07,43.1,189,0.67,-74.4,-1.79,37.6,FAIL
1250,B4_Deriv_Positioning,Funding_KeltBreak_var1250,18,0.07,0.14,422,0.99,-2.9,-0.07,43.1,189,0.67,-74.4,-1.79,37.6,FAIL
1251,B5_Causal_RS,RS4h_15bp_KeltBreak_H12,12,0.07,0.14,25257,1.03,6.2,0.28,46.7,6184,0.96,-7.4,-0.26,42.8,FAIL
1252,B5_Causal_RS,RS4h_15bp_KeltBreak_H18,18,0.07,0.14,23024,1.01,3.0,0.11,46.8,5798,0.82,-39.2,-1.22,39.0,FAIL
1253,B5_Causal_RS,RS4h_15bp_Sq_KeltBreak_H12,12,0.07,0.14,2033,0.95,-9.8,-0.46,45.2,390,0.91,-14.9,-0.36,46.2,FAIL
1254,B5_Causal_RS,RS4h_15bp_Sq_KeltBreak_H18,18,0.07,0.14,2024,0.95,-11.8,-0.41,46.0,388,0.76,-52.9,-1.11,39.7,FAIL
1255,B5_Causal_RS,RS4h_15bp_Flow_KeltBreak_H12,12,0.07,0.14,3574,1.38,53.3,1.95,53.8,1128,0.89,-15.7,-0.56,44.9,PASS_TRAIN_ONLY
1256,B5_Causal_RS,RS4h_15bp_Flow_KeltBreak_H18,18,0.07,0.14,3481,1.4,67.2,2.0,53.7,1103,0.93,-13.5,-0.38,43.4,PASS_TRAIN_ONLY
1257,B5_Causal_RS,RS4h_25bp_KeltBreak_H12,12,0.07,0.14,16061,1.02,4.1,0.16,46.8,3136,0.77,-47.7,-1.83,39.8,FAIL
1258,B5_Causal_RS,RS4h_25bp_KeltBreak_H18,18,0.07,0.14,15226,1.02,3.9,0.13,46.1,3030,0.65,-93.6,-2.86,35.5,FAIL
1259,B5_Causal_RS,RS4h_25bp_Sq_KeltBreak_H12,12,0.07,0.14,786,1.1,22.3,0.8,48.0,90,1.3,44.0,0.79,50.0,FAIL
1260,B5_Causal_RS,RS4h_25bp_Sq_KeltBreak_H18,18,0.07,0.14,784,1.08,22.9,0.59,47.4,89,0.87,-30.3,-0.4,41.6,FAIL
1261,B5_Causal_RS,RS4h_25bp_Flow_KeltBreak_H12,12,0.07,0.14,1733,1.43,62.6,1.76,55.0,395,0.7,-53.6,-1.66,37.0,PASS_TRAIN_ONLY
1262,B5_Causal_RS,RS4h_25bp_Flow_KeltBreak_H18,18,0.07,0.14,1716,1.46,83.2,1.94,54.9,390,0.7,-68.4,-1.53,36.9,PASS_TRAIN_ONLY
1263,B5_Causal_RS,RS4h_35bp_KeltBreak_H12,12,0.07,0.14,9947,0.97,-8.5,-0.28,45.0,1705,0.69,-76.4,-2.67,37.2,FAIL
1264,B5_Causal_RS,RS4h_35bp_KeltBreak_H18,18,0.07,0.14,9636,0.97,-9.6,-0.27,43.8,1676,0.59,-123.2,-3.39,33.8,FAIL
1265,B5_Causal_RS,RS4h_35bp_Sq_KeltBreak_H12,12,0.07,0.14,329,1.09,25.0,0.59,45.3,26,1.35,58.6,0.56,50.0,FAIL
1266,B5_Causal_RS,RS4h_35bp_Sq_KeltBreak_H18,18,0.07,0.14,329,1.16,49.1,0.93,47.7,26,0.89,-28.4,-0.22,38.5,FAIL
1267,B5_Causal_RS,RS4h_35bp_Flow_KeltBreak_H12,12,0.07,0.14,785,1.45,70.7,1.51,53.6,161,0.7,-60.1,-1.11,36.6,PASS_TRAIN_ONLY
1268,B5_Causal_RS,RS4h_35bp_Flow_KeltBreak_H18,18,0.07,0.14,781,1.51,97.8,1.74,54.9,158,0.62,-95.3,-1.45,30.4,PASS_TRAIN_ONLY
1269,B5_Causal_RS,Dual_RS4h_1d_KeltBreak_H12,12,0.07,0.14,8176,0.99,-2.3,-0.06,45.1,1385,0.81,-38.8,-1.48,42.2,FAIL
1270,B5_Causal_RS,Dual_RS4h_1d_KeltBreak_H18,18,0.07,0.14,7814,1.04,10.4,0.23,45.4,1337,0.67,-85.5,-2.31,35.3,FAIL
1271,B5_Causal_RS,Dual_RS4h_1d_Sq_KeltBreak_H12,12,0.07,0.14,397,1.03,8.0,0.19,43.8,47,1.37,57.8,0.73,57.4,FAIL
1272,B5_Causal_RS,Dual_RS4h_1d_Sq_KeltBreak_H18,18,0.07,0.14,395,1.04,12.5,0.22,44.6,47,0.9,-24.0,-0.23,40.4,FAIL
1273,B5_Causal_RS,Dual_RS4h_1d_Flow_KeltBreak_H12,12,0.07,0.14,808,1.49,71.8,1.79,56.9,189,0.79,-34.5,-0.83,38.1,PASS_TRAIN_ONLY
1274,B5_Causal_RS,Dual_RS4h_1d_Flow_KeltBreak_H18,18,0.07,0.14,803,1.58,105.3,1.88,55.3,186,0.7,-66.2,-1.04,33.9,PASS_TRAIN_ONLY
1275,B5_Causal_RS,RS4h_BTCGate_var1275,18,0.07,0.14,655,1.75,139.5,1.86,58.3,192,0.69,-79.0,-1.19,35.9,PASS_TRAIN_ONLY
1276,B5_Causal_RS,RS4h_BTCGate_var1276,18,0.07,0.14,655,1.75,139.5,1.86,58.3,192,0.69,-79.0,-1.19,35.9,PASS_TRAIN_ONLY
1277,B5_Causal_RS,RS4h_BTCGate_var1277,18,0.07,0.14,655,1.75,139.5,1.86,58.3,192,0.69,-79.0,-1.19,35.9,PASS_TRAIN_ONLY
1278,B5_Causal_RS,RS4h_BTCGate_var1278,18,0.07,0.14,655,1.75,139.5,1.86,58.3,192,0.69,-79.0,-1.19,35.9,PASS_TRAIN_ONLY
1279,B5_Causal_RS,RS4h_BTCGate_var1279,18,0.07,0.14,655,1.75,139.5,1.86,58.3,192,0.69,-79.0,-1.19,35.9,PASS_TRAIN_ONLY
1280,B5_Causal_RS,RS4h_BTCGate_var1280,18,0.07,0.14,655,1.75,139.5,1.86,58.3,192,0.69,-79.0,-1.19,35.9,PASS_TRAIN_ONLY
1281,B5_Causal_RS,RS4h_BTCGate_var1281,18,0.07,0.14,655,1.75,139.5,1.86,58.3,192,0.69,-79.0,-1.19,35.9,PASS_TRAIN_ONLY
1282,B5_Causal_RS,RS4h_BTCGate_var1282,18,0.07,0.14,655,1.75,139.5,1.86,58.3,192,0.69,-79.0,-1.19,35.9,PASS_TRAIN_ONLY
1283,B5_Causal_RS,RS4h_BTCGate_var1283,18,0.07,0.14,655,1.75,139.5,1.86,58.3,192,0.69,-79.0,-1.19,35.9,PASS_TRAIN_ONLY
1284,B5_Causal_RS,RS4h_BTCGate_var1284,18,0.07,0.14,655,1.75,139.5,1.86,58.3,192,0.69,-79.0,-1.19,35.9,PASS_TRAIN_ONLY
1285,B5_Causal_RS,RS4h_BTCGate_var1285,18,0.07,0.14,655,1.75,139.5,1.86,58.3,192,0.69,-79.0,-1.19,35.9,PASS_TRAIN_ONLY
1286,B5_Causal_RS,RS4h_BTCGate_var1286,18,0.07,0.14,655,1.75,139.5,1.86,58.3,192,0.69,-79.0,-1.19,35.9,PASS_TRAIN_ONLY
1287,B5_Causal_RS,RS4h_BTCGate_var1287,18,0.07,0.14,655,1.75,139.5,1.86,58.3,192,0.69,-79.0,-1.19,35.9,PASS_TRAIN_ONLY
1288,B5_Causal_RS,RS4h_BTCGate_var1288,18,0.07,0.14,655,1.75,139.5,1.86,58.3,192,0.69,-79.0,-1.19,35.9,PASS_TRAIN_ONLY
1289,B5_Causal_RS,RS4h_BTCGate_var1289,18,0.07,0.14,655,1.75,139.5,1.86,58.3,192,0.69,-79.0,-1.19,35.9,PASS_TRAIN_ONLY
1290,B5_Causal_RS,RS4h_BTCGate_var1290,18,0.07,0.14,655,1.75,139.5,1.86,58.3,192,0.69,-79.0,-1.19,35.9,PASS_TRAIN_ONLY
1291,B5_Causal_RS,RS4h_BTCGate_var1291,18,0.07,0.14,655,1.75,139.5,1.86,58.3,192,0.69,-79.0,-1.19,35.9,PASS_TRAIN_ONLY
1292,B5_Causal_RS,RS4h_BTCGate_var1292,18,0.07,0.14,655,1.75,139.5,1.86,58.3,192,0.69,-79.0,-1.19,35.9,PASS_TRAIN_ONLY
1293,B5_Causal_RS,RS4h_BTCGate_var1293,18,0.07,0.14,655,1.75,139.5,1.86,58.3,192,0.69,-79.0,-1.19,35.9,PASS_TRAIN_ONLY
1294,B5_Causal_RS,RS4h_BTCGate_var1294,18,0.07,0.14,655,1.75,139.5,1.86,58.3,192,0.69,-79.0,-1.19,35.9,PASS_TRAIN_ONLY
1295,B5_Causal_RS,RS4h_BTCGate_var1295,18,0.07,0.14,655,1.75,139.5,1.86,58.3,192,0.69,-79.0,-1.19,35.9,PASS_TRAIN_ONLY
1296,B5_Causal_RS,RS4h_BTCGate_var1296,18,0.07,0.14,655,1.75,139.5,1.86,58.3,192,0.69,-79.0,-1.19,35.9,PASS_TRAIN_ONLY
1297,B5_Causal_RS,RS4h_BTCGate_var1297,18,0.07,0.14,655,1.75,139.5,1.86,58.3,192,0.69,-79.0,-1.19,35.9,PASS_TRAIN_ONLY
1298,B5_Causal_RS,RS4h_BTCGate_var1298,18,0.07,0.14,655,1.75,139.5,1.86,58.3,192,0.69,-79.0,-1.19,35.9,PASS_TRAIN_ONLY
1299,B5_Causal_RS,RS4h_BTCGate_var1299,18,0.07,0.14,655,1.75,139.5,1.86,58.3,192,0.69,-79.0,-1.19,35.9,PASS_TRAIN_ONLY
1300,B5_Causal_RS,RS4h_BTCGate_var1300,18,0.07,0.14,655,1.75,139.5,1.86,58.3,192,0.69,-79.0,-1.19,35.9,PASS_TRAIN_ONLY
1301,B6_TripleScreen,Elder_WilliamsR_H12_SL4,12,0.04,0.08,81,2.26,95.0,0.92,63.0,26,1.21,28.0,0.31,50.0,FAIL
1302,B6_TripleScreen,Elder_WilliamsR_H12_SL6,12,0.06,0.12,81,2.28,100.4,0.95,64.2,26,1.19,27.5,0.29,50.0,FAIL
1303,B6_TripleScreen,Elder_WilliamsR_H12_SL7,12,0.07,0.14,81,2.18,96.3,0.89,64.2,26,1.1,16.0,0.16,50.0,FAIL
1304,B6_TripleScreen,Elder_WilliamsR_H18_SL4,18,0.04,0.08,81,2.79,161.0,1.18,69.1,26,1.41,61.0,0.62,61.5,FAIL
1305,B6_TripleScreen,Elder_WilliamsR_H18_SL6,18,0.06,0.12,81,2.86,170.8,1.27,70.4,26,1.14,24.1,0.22,65.4,FAIL
1306,B6_TripleScreen,Elder_WilliamsR_H18_SL7,18,0.07,0.14,81,2.77,168.7,1.23,70.4,26,1.02,3.0,0.03,65.4,FAIL
1307,B6_TripleScreen,Elder_WilliamsR_H24_SL4,24,0.04,0.08,80,2.51,164.0,1.09,66.2,26,1.22,36.9,0.38,57.7,FAIL
1308,B6_TripleScreen,Elder_WilliamsR_H24_SL6,24,0.06,0.12,80,2.23,151.1,0.99,67.5,26,1.08,15.4,0.14,61.5,FAIL
1309,B6_TripleScreen,Elder_WilliamsR_H24_SL7,24,0.07,0.14,80,2.23,147.2,0.98,67.5,26,1.19,34.8,0.3,61.5,FAIL
1310,B6_TripleScreen,Elder_RSI_H12_SL4,12,0.04,0.08,210,1.0,0.4,0.01,52.4,61,2.31,103.1,0.95,59.0,FAIL
1311,B6_TripleScreen,Elder_RSI_H12_SL6,12,0.06,0.12,208,1.04,5.5,0.13,54.8,61,1.87,79.5,0.74,59.0,FAIL
1312,B6_TripleScreen,Elder_RSI_H12_SL7,12,0.07,0.14,208,1.13,15.9,0.37,55.3,61,1.69,69.6,0.65,59.0,FAIL
1313,B6_TripleScreen,Elder_RSI_H18_SL4,18,0.04,0.08,210,0.91,-12.7,-0.25,49.5,61,1.59,86.4,0.56,55.7,FAIL
1314,B6_TripleScreen,Elder_RSI_H18_SL6,18,0.06,0.12,208,0.95,-8.2,-0.15,51.4,61,1.53,77.1,0.52,57.4,FAIL
1315,B6_TripleScreen,Elder_RSI_H18_SL7,18,0.07,0.14,208,1.02,2.9,0.05,51.9,61,1.43,67.3,0.46,57.4,FAIL
1316,B6_TripleScreen,Elder_RSI_H24_SL4,24,0.04,0.08,209,0.77,-36.6,-0.83,43.5,61,1.17,30.7,0.21,54.1,FAIL
1317,B6_TripleScreen,Elder_RSI_H24_SL6,24,0.06,0.12,206,0.72,-52.3,-1.04,45.6,61,1.08,15.9,0.1,60.7,FAIL
1318,B6_TripleScreen,Elder_RSI_H24_SL7,24,0.07,0.14,206,0.88,-21.3,-0.38,48.1,61,1.07,14.4,0.09,60.7,FAIL
1319,B6_TripleScreen,Elder_RSI_Flow_H12_SL4,12,0.04,0.08,272,1.09,9.5,0.35,48.9,120,2.42,106.9,0.98,65.0,FAIL
1320,B6_TripleScreen,Elder_RSI_Flow_H12_SL6,12,0.06,0.12,269,1.24,22.4,0.8,50.6,120,2.12,97.2,0.9,65.0,FAIL
1321,B6_TripleScreen,Elder_RSI_Flow_H12_SL7,12,0.07,0.14,269,1.23,21.4,0.76,50.6,120,2.1,97.7,0.9,65.8,FAIL
1322,B6_TripleScreen,Elder_RSI_Flow_H18_SL4,18,0.04,0.08,270,1.35,40.2,1.12,55.2,120,1.9,105.7,0.77,64.2,FAIL
1323,B6_TripleScreen,Elder_RSI_Flow_H18_SL6,18,0.06,0.12,267,1.51,54.5,1.42,56.9,120,1.81,103.4,0.74,64.2,FAIL
1324,B6_TripleScreen,Elder_RSI_Flow_H18_SL7,18,0.07,0.14,267,1.57,58.8,1.54,57.3,120,1.78,102.0,0.73,65.0,PASS_TRAIN_ONLY
1325,B6_TripleScreen,Elder_RSI_Flow_H24_SL4,24,0.04,0.08,269,1.22,28.9,0.84,50.9,120,1.85,106.4,0.89,65.0,FAIL
1326,B6_TripleScreen,Elder_RSI_Flow_H24_SL6,24,0.06,0.12,264,1.19,24.4,0.69,52.3,120,1.54,82.3,0.64,66.7,FAIL
1327,B6_TripleScreen,Elder_RSI_Flow_H24_SL7,24,0.07,0.14,264,1.32,37.4,1.05,53.8,120,1.53,82.2,0.61,67.5,FAIL
1328,B6_TripleScreen,Elder_Wave_var1328,18,0.06,0.12,31,1.41,42.3,0.57,54.8,18,1.12,18.2,0.17,50.0,FAIL
1329,B6_TripleScreen,Elder_Wave_var1329,18,0.06,0.12,31,1.41,42.3,0.57,54.8,18,1.12,18.2,0.17,50.0,FAIL
1330,B6_TripleScreen,Elder_Wave_var1330,18,0.06,0.12,31,1.41,42.3,0.57,54.8,18,1.12,18.2,0.17,50.0,FAIL
1331,B6_TripleScreen,Elder_Wave_var1331,18,0.06,0.12,31,1.41,42.3,0.57,54.8,18,1.12,18.2,0.17,50.0,FAIL
1332,B6_TripleScreen,Elder_Wave_var1332,18,0.06,0.12,31,1.41,42.3,0.57,54.8,18,1.12,18.2,0.17,50.0,FAIL
1333,B6_TripleScreen,Elder_Wave_var1333,18,0.06,0.12,31,1.41,42.3,0.57,54.8,18,1.12,18.2,0.17,50.0,FAIL
1334,B6_TripleScreen,Elder_Wave_var1334,18,0.06,0.12,31,1.41,42.3,0.57,54.8,18,1.12,18.2,0.17,50.0,FAIL
1335,B6_TripleScreen,Elder_Wave_var1335,18,0.06,0.12,31,1.41,42.3,0.57,54.8,18,1.12,18.2,0.17,50.0,FAIL
1336,B6_TripleScreen,Elder_Wave_var1336,18,0.06,0.12,31,1.41,42.3,0.57,54.8,18,1.12,18.2,0.17,50.0,FAIL
1337,B6_TripleScreen,Elder_Wave_var1337,18,0.06,0.12,31,1.41,42.3,0.57,54.8,18,1.12,18.2,0.17,50.0,FAIL
1338,B6_TripleScreen,Elder_Wave_var1338,18,0.06,0.12,31,1.41,42.3,0.57,54.8,18,1.12,18.2,0.17,50.0,FAIL
1339,B6_TripleScreen,Elder_Wave_var1339,18,0.06,0.12,31,1.41,42.3,0.57,54.8,18,1.12,18.2,0.17,50.0,FAIL
1340,B6_TripleScreen,Elder_Wave_var1340,18,0.06,0.12,31,1.41,42.3,0.57,54.8,18,1.12,18.2,0.17,50.0,FAIL
1341,B6_TripleScreen,Elder_Wave_var1341,18,0.06,0.12,31,1.41,42.3,0.57,54.8,18,1.12,18.2,0.17,50.0,FAIL
1342,B6_TripleScreen,Elder_Wave_var1342,18,0.06,0.12,31,1.41,42.3,0.57,54.8,18,1.12,18.2,0.17,50.0,FAIL
1343,B6_TripleScreen,Elder_Wave_var1343,18,0.06,0.12,31,1.41,42.3,0.57,54.8,18,1.12,18.2,0.17,50.0,FAIL
1344,B6_TripleScreen,Elder_Wave_var1344,18,0.06,0.12,31,1.41,42.3,0.57,54.8,18,1.12,18.2,0.17,50.0,FAIL
1345,B6_TripleScreen,Elder_Wave_var1345,18,0.06,0.12,31,1.41,42.3,0.57,54.8,18,1.12,18.2,0.17,50.0,FAIL
1346,B6_TripleScreen,Elder_Wave_var1346,18,0.06,0.12,31,1.41,42.3,0.57,54.8,18,1.12,18.2,0.17,50.0,FAIL
1347,B6_TripleScreen,Elder_Wave_var1347,18,0.06,0.12,31,1.41,42.3,0.57,54.8,18,1.12,18.2,0.17,50.0,FAIL
1348,B6_TripleScreen,Elder_Wave_var1348,18,0.06,0.12,31,1.41,42.3,0.57,54.8,18,1.12,18.2,0.17,50.0,FAIL
1349,B6_TripleScreen,Elder_Wave_var1349,18,0.06,0.12,31,1.41,42.3,0.57,54.8,18,1.12,18.2,0.17,50.0,FAIL
1350,B6_TripleScreen,Elder_Wave_var1350,18,0.06,0.12,31,1.41,42.3,0.57,54.8,18,1.12,18.2,0.17,50.0,FAIL
